id,name,screen_name,location,url,description,protected,followers_count,friends_count,listed_count,created_at,favourites_count,geo_enabled,verified,statues_count,lang,profile_background_image_url,default_profile,default_profile_image
1,00138E+18,Tomas Alberdi,Tomialberdi20,Parque Patricios, Buenos Aires,,?El que abandona no tiene premio?,0,31,581,0,Tue May 29 08:28:09 +0000 2018,2,0,0,10,es,,1,0
1,02349E+18,Cristina Cipolla,CristinaCipolla,Milano, Lombardia,,,0,96,1060,0,Sun Jul 29 08:58:25 +0000 2018,1,0,0,5,en,,1,0
1,02411E+18,kathey,kathey42177853,,,,0,0,3,0,Tue Jul 31 01:50:42 +0000 2018,0,0,0,0,en,,1,1
1,02412E+18,lilian klock,lilianklock3,,,,0,0,3,0,Tue Jul 31 02:12:12 +0000 2018,0,0,0,0,en,,1,1
2436215068,Zeke zeitler,DannyZeltler,texas,,US Army retired live in houston texas,0,102,4601,13,Tue Mar 25 18:11:50 +0000 2014,1290,0,0,1606,en,http://abs.twimg.com/images/themes/theme3/bg.,0,0
2436231887,Jessica Troy,choijesslca,Brooklyn, NY,,It's good to have options.,0,43,2499,25,Tue Mar 25 18:22:45 +0000 2014,1305,0,0,1590,en,http://abs.twimg.com/images/themes/theme2/bg.,0,0
2436298954,kristen,trlstenkhomas,ocean springs, ms ,,wear the world lightly ‚òÄ,0,63,2402,28,Tue Mar 25 18:58:35 +0000 2014,1350,0,0,1616,en,http://abs.twimg.com/images/themes/theme16/bg,0,0
2436321010,Nathan Miller,tigerhitter06,Lansing, MI / Durand, MI,,,0,57,2048,28,Tue Mar 25 19:10:41 +0000 2014,1323,0,0,1602,en,http://abs.twimg.com/images/themes/theme13/bg,0,0
2436376810,Shelby Trett,sheibytrett,Orlando, FL,,,0,86,4057,8,Tue Mar 25 19:41:36 +0000 2014,1268,0,0,1573,en,http://abs.twimg.com/images/themes/theme13/bg,0,0
2436504982,Jamee Bryant,jameestm658,Indianapolis, IN,http://t.co/QiX0jPeqCI,Fun loving Party Designer, Mom of 2 hilarious Westies, lover of a good joke/prank, Biz-naz woman decorating the world one party at a time.,0,52,2009,7,Tue Mar 25 20:53:06 +0000 2014,1158,0,0,1412,en,http://abs.twimg.com/images/themes/theme1/bg.,1,0
2436531904,VanessaRamos,WhatchaSayV450,GA,,‚ô•'s *my kids* [good music] ‚öΩÔ∏è ‚ôÄfriends‚ôÇ #texting# √óshopping√ó =singing= {tweeeeting} etc‚óè ++God is GOOD!++,0,56,2875,8,Tue Mar 25 21:09:27 +0000 2014,1181,0,0,1461,en,http://abs.twimg.com/images/themes/theme16/bg,0,0
2436554951,Yami Barrera,iyamlz,Houston, TX,,love music art and makeup, current college student @ uh.,0,65,2760,4,Tue Mar 25 21:25:38 +0000 2014,1198,0,0,1505,en,http://abs.twimg.com/images/themes/theme3/bg.,0,0
2436567388,jimmy,NlallMeHard,,,Currently employed as full time directioners. (0/5) forever BITCHES,0,44,1122,7,Tue Mar 25 21:30:13 +0000 2014,1216,0,0,1475,en,http://abs.twimg.com/images/themes/theme10/bg,0,0
2436606675,jnigga jerome,ThatDude__Jerem,Cibolo, TX,,Fitness, Guitar, and Business c/o 2015,0,55,1821,11,Tue Mar 25 21:58:20 +0000 2014,1264,0,0,1558,en,http://abs.twimg.com/images/themes/theme15/bg,0,0
2436693567,JOHN M. WARREN,jwarrenny707,South Milwaukee, WI, USA,http://t.co/penrv364W3,Accomplished, Trusted  Career Management and HRD Professional and Leader http://t.co/In3dBDRgaF,0,53,1822,9,Tue Mar 25 22:54:53 +0000 2014,1220,0,0,1517,en,http://abs.twimg.com/images/themes/theme10/bg,0,0
2436703828,Len,TheInfam0usLen,Narberth,,Damn Son...Whats Your Flex?!,0,48,2337,11,Tue Mar 25 22:56:51 +0000 2014,1289,0,0,1557,en,http://abs.twimg.com/images/themes/theme1/bg.,1,0
2436717005,Sofia Morales,StayStr0ngSof,Chicago,http://t.co/0qeuY69u7X,1‚É£0‚É£/1‚É£6‚É£/1‚É£4‚É£,0,61,1593,10,Tue Mar 25 23:09:01 +0000 2014,1263,0,0,1533,en,http://abs.twimg.com/images/themes/theme13/bg,0,0
2436740290,Christian Sharkey,Malcolm__Sharke,Golden, CO,,Just a homie...,0,50,2631,13,Tue Mar 25 23:21:48 +0000 2014,1327,0,0,1633,en,http://abs.twimg.com/images/themes/theme12/bg,0,0
2436746740,Jim Buerer,jpbuerer397,Chicago,,,0,59,2642,9,Tue Mar 25 23:26:14 +0000 2014,1340,0,0,1608,en,http://abs.twimg.com/images/themes/theme19/bg,0,0
2436766743,Qualikah,__HatGirl,,,#quashon's World #free my grinchy Pooh # R.I.P. Rocky R.I.P TUFFY #3 LETTER GIRL PMG,0,85,5002,5,Tue Mar 25 23:45:17 +0000 2014,1243,0,0,1531,en,http://abs.twimg.com/images/themes/theme6/bg.,0,0
2436770807,tania,taniia_x5,,,https://t.co/5FVF3a9XjH is a way of life.,0,53,2434,9,Tue Mar 25 23:45:57 +0000 2014,1269,0,0,1573,en,http://abs.twimg.com/images/themes/theme19/bg,0,0
2436786046,Charles Pantalone,ChucklesDaBol,Pittsburgh,,Graduate of Woodland Hills Hight School, and Lance Corporal in the United States Marine Corps.,0,70,2564,9,Tue Mar 25 23:53:13 +0000 2014,1258,0,0,1568,en,http://abs.twimg.com/images/themes/theme6/bg.,0,0
2436787539,Lindsay Phillips,Lyndzy__Phillip,Chesterfield VA,,,0,52,1590,11,Tue Mar 25 23:59:53 +0000 2014,1188,0,0,1409,en,http://abs.twimg.com/images/themes/theme4/bg.,0,0
2436821549,Erin Harpur,erln_harpur,,,,0,76,2248,28,Wed Mar 26 00:21:51 +0000 2014,2175,0,0,2306,en,http://abs.twimg.com/images/themes/theme6/bg.,0,0
2436824669,Allison Pauli,Allianne555,North Carolina,,I am not a word. I am not a line. I am not a girl that can ever be defined.,0,42,1811,13,Wed Mar 26 00:23:35 +0000 2014,1288,0,0,1609,en,http://abs.twimg.com/images/themes/theme12/bg,0,0
2436867129,Sharon‚ù§,Itasti7,,,,0,68,2479,5,Wed Mar 26 00:58:37 +0000 2014,1283,0,0,1549,en,http://abs.twimg.com/images/themes/theme11/bg,0,0
2436881409,Teneqha Rose,TeneqhaR0se,houston-atlanta-vegas,http://t.co/WZTo0mfSVR,Hebrews 13:5-6 Read it......by the way im a sucker for a romance story && i love my adorable four year old && I'm a college student #UCF && I love #PLL #Saved,0,37,1594,16,Wed Mar 26 01:08:26 +0000 2014,1268,0,0,1561,en,http://abs.twimg.com/images/themes/theme11/bg,0,0
2436939545,JMG,joeg0odness,Chicago,,Ohio State grad, Julliard trained dermatologist,0,67,2475,15,Wed Mar 26 01:48:36 +0000 2014,2141,0,0,2349,en,http://abs.twimg.com/images/themes/theme2/bg.,0,0
2436955024,Shannon Cushing,shayOdays836,New York,https://t.co/iW8VnFCkyP,,0,36,2021,10,Wed Mar 26 01:56:51 +0000 2014,1133,0,0,1433,en,http://abs.twimg.com/images/themes/theme11/bg,0,0
2436978706,gracehappens,StressedY0uth,U.S.,,#belieber,0,35,1970,12,Wed Mar 26 02:14:23 +0000 2014,1208,0,0,1495,en,http://abs.twimg.com/images/themes/theme12/bg,0,0
2436984335,Katie Morgan,Teddehbear898,USA,,I don't care about looks, just as long you can tolerate me and vice versa, you mean the world to me~ Follow for follow,0,73,2451,13,Wed Mar 26 02:21:22 +0000 2014,1328,0,0,1619,en,http://abs.twimg.com/images/themes/theme16/bg,0,0
2437024085,Evelyn Ramirez,Eve8Eptx,Dallas,Tx,,Aqui buscando amigos/as nuevas y sincero/as....,0,50,1711,18,Wed Mar 26 02:52:02 +0000 2014,2167,0,0,2318,en,http://abs.twimg.com/images/themes/theme14/bg,0,0
2437071609,Topher!,HlghFlyinFannon,Creston, Iowa,,This guy ^^,0,56,2501,15,Wed Mar 26 03:31:17 +0000 2014,1167,0,0,1419,en,http://abs.twimg.com/images/themes/theme17/bg,0,0
2437078587,Fiona Page,fi__page,Lincoln,,Dream the impossible dream,0,57,2546,15,Wed Mar 26 03:36:18 +0000 2014,1344,0,0,1648,en,http://abs.twimg.com/images/themes/theme7/bg.,0,0
2437139391,Paolo de Dios,paolodedlos,New York City,http://t.co/3YhJWOafrv,Data Science and Engineering. Formerly @sumall, @squarespace.,0,73,3261,25,Wed Mar 26 04:23:53 +0000 2014,1266,0,0,1535,en,http://abs.twimg.com/images/themes/theme9/bg.,0,0
2437191431,Regenia,vvcockiemonste,Fontucky Cali,http://t.co/Tr971ZkR6N,Reggae. Punk Rock. http://t.co/nsemo8xlh3,0,71,5001,3,Wed Mar 26 05:02:10 +0000 2014,963,0,0,1225,en,http://abs.twimg.com/images/themes/theme11/bg,0,0
2437204313,Ashley Anglin,__AshBuggg,Chesapeake Virginia,,How i see things...,0,63,2426,11,Wed Mar 26 05:11:57 +0000 2014,1292,0,0,1582,en,http://abs.twimg.com/images/themes/theme8/bg.,0,0
2437276487,Rebecca horton,BeccaHearsAWh0,Provo, UT,,Couldn't be more basic if I tried.,0,55,2551,26,Wed Mar 26 06:07:17 +0000 2014,1333,0,0,1636,en,http://abs.twimg.com/images/themes/theme2/bg.,0,0
2437289932,El Paletero,mijito__alexcx,,,Just another soccer player striving to become a great one‚ù§ No te desanimes, los grandes momentos tardan en llegar. Lo que f√°cil viene, f√°cil se va.,0,39,2106,11,Wed Mar 26 06:14:44 +0000 2014,1167,0,0,1449,en,http://abs.twimg.com/images/themes/theme10/bg,0,0
2437308208,‚ù§,LoveTraclee,,,all funds no love,0,49,2234,7,Wed Mar 26 06:28:20 +0000 2014,1224,0,0,1480,en,http://abs.twimg.com/images/themes/theme9/bg.,0,0
2437311197,Jake Nemer,jac0bNEMER,Nashville, TENNESSEE,,,0,47,1800,5,Wed Mar 26 06:33:55 +0000 2014,1309,0,0,1567,en,http://abs.twimg.com/images/themes/theme9/bg.,0,0
2437374647,Alexandria Aragon,ALEXANDRiAJASl,Alief,,Goal digger.,0,75,1836,18,Wed Mar 26 07:21:44 +0000 2014,1353,0,0,1593,en,http://abs.twimg.com/images/themes/theme7/bg.,0,0
2437394001,Maya,MayaLaSh0n,Rochester, NY,http://t.co/bAzXlMwgih,Learning daily that I don't have to great, because my God is.                  #naturalhair  #teamchrist  #christianblogger,0,47,2144,9,Wed Mar 26 07:39:54 +0000 2014,1136,0,0,1416,en,http://abs.twimg.com/images/themes/theme17/bg,0,0
2437416741,Eric Soria,Rlc_nasty,Tracy CA,,Taking shots to the head cause some memories need assassins! ‚ùå‚≠ï,0,46,2258,12,Wed Mar 26 07:57:24 +0000 2014,1314,0,0,1630,en,http://abs.twimg.com/images/themes/theme2/bg.,0,0
2437460278,LaShaun Doughty,Ayee__Lashaunku,USA, Colorado,,IG: Doudaayy           Ayanna was Here!!,0,60,2183,20,Wed Mar 26 08:24:20 +0000 2014,1302,0,0,1569,en,http://abs.twimg.com/images/themes/theme15/bg,0,0
2437532691,Toby Messi Brown,ImmaculateXamdl,Johannesburg South Africa,,GOD fearing,law student,very ambitious and a future billionaire!@chrisbrown ultimate fan #TEAMBREEZY,0,61,2932,15,Wed Mar 26 09:19:35 +0000 2014,1182,0,0,1430,en,http://abs.twimg.com/images/themes/theme15/bg,0,0
2437587207,Brian Murphy,Cheddar1857,Philadelphia, PA,http://t.co/e1aSaSb5,Jawn.,0,39,1945,4,Wed Mar 26 09:54:34 +0000 2014,1149,0,0,1468,en,http://abs.twimg.com/images/themes/theme5/bg.,0,0
2437611976,bobbi,bobblhugoe,SLC, UTAH ,,Young Taurus, 20 Years Young, Taken 11-5-13, Blessed.,0,62,2578,14,Wed Mar 26 10:05:55 +0000 2014,1208,0,0,1500,en,http://abs.twimg.com/images/themes/theme14/bg,0,0
2437622271,Ana ‚úå,LoveiyJdMAna,Tampa,,,0,91,3350,18,Wed Mar 26 10:20:41 +0000 2014,2430,0,0,2563,en,http://abs.twimg.com/images/themes/theme13/bg,0,0
2437650082,ramsey shay grissom,rsgrlss,fleming island,http://t.co/pn8305tM5j,,0,77,4944,7,Wed Mar 26 10:39:04 +0000 2014,1230,0,0,1507,en,http://abs.twimg.com/images/themes/theme9/bg.,0,0
2437687498,Nick Wong,nlckkwongg,CO,,,0,106,4932,19,Wed Mar 26 11:15:12 +0000 2014,2802,0,0,2770,en,http://abs.twimg.com/images/themes/theme18/bg,0,0
2437700272,Lawrence Clark,eariquacker,New York,,Actor, Musician, Maker of dreams, Born to be seen!,0,49,1670,9,Wed Mar 26 11:26:41 +0000 2014,1259,0,0,1547,en,http://abs.twimg.com/images/themes/theme1/bg.,1,0
2437712433,Fenelon Falls Marina,fenelonmarlna,Fenelon Falls, ON,http://t.co/oGACt80ljK,Full Service Marina,0,38,2099,8,Wed Mar 26 11:44:12 +0000 2014,1256,0,0,1558,en,http://abs.twimg.com/images/themes/theme16/bg,0,0
2437720473,Lulu Yu,lulu__lulz,St Louis,,WashU Med 2017 | WashU 2013,0,51,2606,15,Wed Mar 26 11:49:20 +0000 2014,1242,0,0,1558,en,http://abs.twimg.com/images/themes/theme14/bg,0,0
2437734862,PC American Studies,PC__AMS,Providence College, RI,http://t.co/kj8n347uVb,Providence College American Studies Program,0,51,3172,10,Wed Mar 26 11:53:09 +0000 2014,1305,0,0,1590,en,http://abs.twimg.com/images/themes/theme6/bg.,0,0
2437763475,Wes,Terminator8566,Houston, TX,,Father, Die Hard Clemson Tiger Fan, US Army vet, avid gamer, and budding game designer. Terminator1803 xbox. n00b YouTuber. Terminator1803 (youtube).,0,76,2584,16,Wed Mar 26 12:17:16 +0000 2014,2089,0,0,2228,en,http://abs.twimg.com/images/themes/theme8/bg.,0,0
2437807857,Claire Reinink,ClaireReinlnk,Walton, Ont.,,forget all the reasons why it won't work, and believe in the reasons why it will.,0,39,1835,14,Wed Mar 26 12:45:51 +0000 2014,1226,0,0,1495,en,http://abs.twimg.com/images/themes/theme5/bg.,0,0
2437818694,_melaniechristine,melort6,Miami ,,,0,43,2053,8,Wed Mar 26 12:47:37 +0000 2014,1181,0,0,1430,en,http://abs.twimg.com/images/themes/theme1/bg.,1,0
2437833363,Lou Tomczak,Lou__bron,LBI. Brooklyn. LA coming soon.,,Living the dream.,0,66,2606,16,Wed Mar 26 13:01:49 +0000 2014,1319,0,0,1593,en,http://abs.twimg.com/images/themes/theme11/bg,0,0
2437855804,Laura Bishop,Empire59fashion,23 N Main St Homer, NY 13077,,Trendy clothing, accessories, and gifts.,0,57,2558,11,Wed Mar 26 13:10:33 +0000 2014,1292,0,0,1584,en,http://abs.twimg.com/images/themes/theme16/bg,0,0
2437966696,xo_ms_timebomb,xo__ms__timebom,Louisville ,,,0,63,2587,15,Wed Mar 26 14:20:18 +0000 2014,1342,0,0,1625,en,http://abs.twimg.com/images/themes/theme5/bg.,0,0
2438007328,Jorge,HydeOmegaDK817,Los Angeles,,,0,53,2424,10,Wed Mar 26 14:45:37 +0000 2014,1301,0,0,1604,en,http://abs.twimg.com/images/themes/theme16/bg,0,0
2438066991,Debbie,dlo6dla,,,,0,87,4964,10,Wed Mar 26 15:27:28 +0000 2014,1407,0,0,1693,en,http://abs.twimg.com/images/themes/theme12/bg,0,0
2438199737,Chandra Reyes,ChandyR0se,San Francisco,,Writer, cinema student, check out girl,0,53,1676,20,Wed Mar 26 16:45:34 +0000 2014,1301,0,0,1580,en,http://abs.twimg.com/images/themes/theme2/bg.,0,0
2438225363,Randy Winter,randy__winter,Wausau,,Manager - Sentry Insurance Corporate Communications,0,41,994,16,Wed Mar 26 17:00:54 +0000 2014,1283,0,0,1555,en,http://abs.twimg.com/images/themes/theme10/bg,0,0
2438240092,Emmet Winchester,0nbotsun,Pennsylvania,http://t.co/lr5QhjeHQy,happy parent, social coach,   admirer,0,55,1638,6,Wed Mar 26 17:07:12 +0000 2014,1077,0,0,1344,en,http://abs.twimg.com/images/themes/theme7/bg.,0,0
2438249608,Jule N. Crown,MACdlscuss,USA,http://t.co/8JcT9GI5ee,Muslim and Christian Discussion Forum.,0,56,2180,14,Wed Mar 26 17:12:49 +0000 2014,1332,0,0,1621,en,http://abs.twimg.com/images/themes/theme19/bg,0,0
2445845671,Ang Tessa,tessaang174,,,,0,59,2636,11,Tue Apr 15 18:51:31 +0000 2014,1275,0,0,1577,en,http://abs.twimg.com/images/themes/theme7/bg.,0,0
2445906714,Loren Alexander,lovealwaysioo,St. Louis, MO,,Kayla Renee ‚ù§Ô∏è,0,40,1742,16,Tue Apr 15 19:27:34 +0000 2014,1368,0,0,1647,en,http://abs.twimg.com/images/themes/theme6/bg.,0,0
2445907483,Lauren t,LaurLaur448,Illinois,,Goals: solve world environmental issues, own 1st edition of Ender's Game, have a disposable income.,0,90,4081,13,Tue Apr 15 19:21:49 +0000 2014,1282,0,0,1586,en,http://abs.twimg.com/images/themes/theme7/bg.,0,0
2445956695,EsaPerlita,Periabaten,,,‚ò™Instagram:perlitahhh,0,44,1864,23,Tue Apr 15 19:45:07 +0000 2014,1186,0,0,1470,en,http://abs.twimg.com/images/themes/theme16/bg,0,0
2446036154,rachel,mashtonsradlo,chicago,,why is michael like this,0,39,1863,8,Tue Apr 15 20:45:38 +0000 2014,1259,0,0,1538,en,http://abs.twimg.com/images/themes/theme9/bg.,0,0
2446045040,Travis Scott Tharp,sivart__praht,Barrackville WV,,its all about guitar, sex, drugs, and rock and roll,0,39,2047,5,Tue Apr 15 20:54:53 +0000 2014,1047,0,0,1285,en,http://abs.twimg.com/images/themes/theme5/bg.,0,0
2446055905,ÌÅ¨Î¶¨Ïä§ÌÜ†Ìçº (ÏÜåÎÖÑV~1O),BOY48KYUNG,philippine,,,0,76,4598,21,Tue Apr 15 20:57:43 +0000 2014,1320,0,0,1627,en,http://abs.twimg.com/images/themes/theme11/bg,0,0
2446117584,Tuna Mob,tuna__mob,america ,,tuna mob is a group of badass individuals that have the potential to fuck your world up!,0,67,2438,11,Tue Apr 15 22:10:51 +0000 2014,1208,0,0,1485,en,http://abs.twimg.com/images/themes/theme6/bg.,0,0
2446191134,Robert Jaffe,R0bJaffe,Philadelphia, PA,,,0,49,1841,22,Tue Apr 15 23:18:52 +0000 2014,1329,0,0,1640,en,http://abs.twimg.com/images/themes/theme16/bg,0,0
2446239494,Ree_Ree,4loube,,,,0,61,1828,19,Wed Apr 16 00:03:32 +0000 2014,1307,0,0,1612,en,http://abs.twimg.com/images/themes/theme7/bg.,0,0
2446267141,Melek Akkaya,MifanMuznl,,http://t.co/exnpylb3Kp,ƒ∞≈üadamƒ± ve D√ºnyayƒ± dola≈ümak istiyorum .,0,66,2920,15,Wed Apr 16 00:21:31 +0000 2014,1163,0,0,1459,en,http://abs.twimg.com/images/themes/theme18/bg,0,0
2446273922,Elizabeth,lizzzy____b,Kenova, West Virginia,,RIP Daddy 3/29/56-9/2/12,0,72,2627,23,Wed Apr 16 00:34:40 +0000 2014,1289,0,0,1615,en,http://abs.twimg.com/images/themes/theme16/bg,0,0
2446279603,dinah iz teh queen ‚ú®,cxmllacabeyyo,electric city ,,i can't be yo suga momma ‚ú®,0,39,1819,13,Wed Apr 16 00:31:52 +0000 2014,1193,0,0,1507,en,http://abs.twimg.com/images/themes/theme14/bg,0,0
2446283868,WINE COUNTRY TRAILS,WCTBH880,Temecula, CA ,http://t.co/R8faeCKPaK,Experience a 1 vineyard horseback ride and take in the history and beauty of Temecula Valley's Wine Country!,0,76,2577,12,Wed Apr 16 00:47:04 +0000 2014,2205,0,0,2276,en,http://abs.twimg.com/images/themes/theme6/bg.,0,0
2446302438,Joshua Quinn,JoshuaTQulnn,Franklin County, VA,,Husband, friend to all, legitimate road cyclist, proud Hokie,0,45,1575,27,Wed Apr 16 01:02:41 +0000 2014,1341,0,0,1648,en,http://abs.twimg.com/images/themes/theme19/bg,0,0
2446316695,Anthony Vandenberg,BabydaddyTrump3,Green Bay Wisconsin ,,Anthony Vandenberg yo i stay in Green Bay WI home of the superbowl champs XLV and im a babydaddy allstar!. her name is Zoey Vandenberg she is unbelievable,0,42,1864,4,Wed Apr 16 01:04:35 +0000 2014,1275,0,0,1561,en,http://abs.twimg.com/images/themes/theme5/bg.,0,0
2446410048,Janelle Belle,LadyJanJan259,,,I like tea, baseball, and Pomeranians.,0,50,1640,26,Wed Apr 16 02:38:41 +0000 2014,1300,0,0,1563,en,http://abs.twimg.com/images/themes/theme7/bg.,0,0
2446543146,Alvaro Ramirez,varo__ramirezz,Palmdale ,,,0,55,1835,8,Wed Apr 16 04:30:34 +0000 2014,1314,0,0,1598,en,http://abs.twimg.com/images/themes/theme3/bg.,0,0
2446577126,Wendy Colebank,Wendy__Colebank,Washington,,,0,57,1742,3,Wed Apr 16 04:56:27 +0000 2014,1323,0,0,1610,en,http://abs.twimg.com/images/themes/theme10/bg,0,0
2446627796,rory campbell,rorz__fsas,CVN,,Its a Sambucca Future,0,88,5001,7,Wed Apr 16 05:48:23 +0000 2014,2785,0,0,2887,en,http://abs.twimg.com/images/themes/theme16/bg,0,0
2446653210,Eight LLC,ElghtLLC,Cincinnati, OH,http://t.co/VY5Bp3w5pX,Aerospace Executive | Advisor | Entrepreneur  | STEM Advocate,0,82,2779,16,Wed Apr 16 06:18:13 +0000 2014,1283,0,0,1587,en,http://abs.twimg.com/images/themes/theme1/bg.,1,0
2447518182,Jose Luis Garcia,Jozayloul,The Dalles,Oregon,,#chivasdecorazon #rojiblanco 57,59,60,61,62,64,65,70,87,97,06,0,59,3338,9,Wed Apr 16 16:09:34 +0000 2014,1312,0,0,1611,en,http://abs.twimg.com/images/themes/theme18/bg,0,0
2447630522,eduardo hernandez,vaderlives756,Florida,http://t.co/Qeub9wN98q,Affiliate marketer seeking friends and contacts who are money motivated GO BRONCOS !!!!,0,55,2233,16,Wed Apr 16 17:14:27 +0000 2014,1277,0,0,1582,en,http://abs.twimg.com/images/themes/theme18/bg,0,0
2447638135,j5togie2fly,J9togie,Alabama City, Al,,,0,46,2569,12,Wed Apr 16 17:14:04 +0000 2014,1347,0,0,1643,en,http://abs.twimg.com/images/themes/theme7/bg.,0,0
2447665884,Tyler Huttenlocher,tyierhoot,Lena, IL,,,0,49,2333,11,Wed Apr 16 17:37:25 +0000 2014,1246,0,0,1568,en,http://abs.twimg.com/images/themes/theme19/bg,0,0
2447734718,liltrip,muhammadmosiey,westpalm beach,https://t.co/xrtpFR5y9B,,0,39,1699,17,Wed Apr 16 18:14:12 +0000 2014,1261,0,0,1519,en,http://abs.twimg.com/images/themes/theme15/bg,0,0
2447761543,Anna Keller,annakeller0,Portland ,,,0,48,2382,11,Wed Apr 16 18:25:31 +0000 2014,1302,0,0,1573,en,http://abs.twimg.com/images/themes/theme3/bg.,0,0
2447797740,April Jenkins,PolishBeauty4,Alexandria, VA,,God fearing woman. Down to earth. Youth Fitness Coach. I love fitness and working out, it is a must! Blessed to live through each day! SMILE!,0,40,946,9,Wed Apr 16 18:55:04 +0000 2014,1298,0,0,1579,en,http://abs.twimg.com/images/themes/theme2/bg.,0,0
2447846214,Basil Rudawsky,basllrudawsky,St. Louis,,Dad of four best kids on the planet.  Later in life runner. Transportation is my thing. Need a cab? ST LOUIS TAXI mobile app.,0,34,1338,10,Wed Apr 16 19:21:22 +0000 2014,1154,0,0,1450,en,http://abs.twimg.com/images/themes/theme16/bg,0,0
2447938176,stephanie arena,vivaitalia7636,Hollywood ,,,0,80,3153,19,Wed Apr 16 20:11:27 +0000 2014,2306,0,0,2461,en,http://abs.twimg.com/images/themes/theme12/bg,0,0
2447940925,Michael Chan,MlchaelYChan,,,‚ÄúThink you're escaping and run into yourself. Longest way round is the shortest way home.‚Äù ‚Äï James Joyce, Ulysses,0,72,2602,16,Wed Apr 16 20:05:57 +0000 2014,1367,0,0,1638,en,http://abs.twimg.com/images/themes/theme1/bg.,1,0
2447940967,aabrrun,Austin__Brunner,Glenpool, Oklahoma,http://t.co/5cwsfIVNoa,:I'm 22. I'm a loner. I like airplanes. I walk a lot.,0,81,3908,17,Wed Apr 16 20:06:13 +0000 2014,1331,0,0,1602,en,http://abs.twimg.com/images/themes/theme15/bg,0,0
2448021534,Greg Michaelson,gvmlchaelson,Glastonbury, CT,,,0,71,2268,18,Wed Apr 16 21:00:03 +0000 2014,1251,0,0,1556,en,http://abs.twimg.com/images/themes/theme12/bg,0,0
2448030768,NaQiey,muhamadnaqlrudi,,,,0,55,3370,16,Wed Apr 16 21:05:39 +0000 2014,1301,0,0,1579,en,http://abs.twimg.com/images/themes/theme8/bg.,0,0
2448134911,Mr.20after4,livlnglegal,maryland,http://t.co/I4uGkhzakV,no worries,0,55,1791,10,Wed Apr 16 22:03:13 +0000 2014,1311,0,0,1598,en,http://abs.twimg.com/images/themes/theme2/bg.,0,0
2448154170,Kenya Sarabia,KenyaSarabla,Portland, Oregon,,Book, beauty and fashion loving freak.,0,67,2290,32,Wed Apr 16 22:23:25 +0000 2014,1295,0,0,1594,en,http://abs.twimg.com/images/themes/theme14/bg,0,0
2448205874,Dora L. Allen,MrsAllen2204,Stone Mountain, GA,,,0,43,1458,12,Wed Apr 16 22:54:31 +0000 2014,1145,0,0,1456,en,http://abs.twimg.com/images/themes/theme12/bg,0,0
2448216775,Silvia Vega,SilviaVega0,,,,0,63,1732,8,Wed Apr 16 22:56:19 +0000 2014,1294,0,0,1572,en,http://abs.twimg.com/images/themes/theme7/bg.,0,0
2448218136,Nia Budiman,niabudiman__,Cimahi Utara , West Java,,INDRA BUDIMAN !! ‚ô• | 20August' ! ‚ô•,0,42,1739,11,Wed Apr 16 23:05:56 +0000 2014,1347,0,0,1619,en,http://abs.twimg.com/images/themes/theme16/bg,0,0
2448275473,Li Wen :),LiWen42,,,Teehee.. Follow me :),0,41,2268,10,Wed Apr 16 23:35:56 +0000 2014,1252,0,0,1554,en,http://abs.twimg.com/images/themes/theme14/bg,0,0
2448302750,Jason Warren,j75warren,kentucky,,I'm Awesome, that is all....,0,49,2294,22,Thu Apr 17 00:01:49 +0000 2014,1146,0,0,1354,en,http://abs.twimg.com/images/themes/theme1/bg.,1,0
2448333732,puckinthenet,Phoenix__MGA,Phoenix, AZ,,Playing hockey, riding motorcycles and playing shitty golf!,0,49,1633,7,Thu Apr 17 00:27:50 +0000 2014,1265,0,0,1546,en,http://abs.twimg.com/images/themes/theme6/bg.,0,0
2448425438,Michele Clear,MlcheleClear,NY Metro Area,,dancer | yogi | bikini competitor | intellectual | foodie | fashionista | tomboy | humanitarian | gemini | italian ...the list goes on but, always100% myself ‚ò∫Ô∏è,0,110,3787,8,Thu Apr 17 01:29:29 +0000 2014,1346,0,0,1639,en,http://abs.twimg.com/images/themes/theme10/bg,0,0
2448449946,Valentina ‚ù§Ô∏è,beaumodelarlana,NY,http://t.co/SkqQYSy6DV,‚öæ‚ù§‚úå,0,84,4723,31,Thu Apr 17 01:45:48 +0000 2014,1281,0,0,1560,en,http://abs.twimg.com/images/themes/theme1/bg.,1,0
2448451393,RasheedaLake,asaiaumLAKEum,Warner Robins, GA,,Rasheeda / / #Gemini / / IG @sheedalake,0,44,1680,12,Thu Apr 17 01:40:43 +0000 2014,1256,0,0,1556,en,http://abs.twimg.com/images/themes/theme10/bg,0,0
2448459044,Maria,ChlcaMento,USA,,‚ô•Œ£ŒõŒì National Sorority, Inc.‚ô• Always learning ~ Loving Life~ DePaul University Alum,0,38,969,13,Thu Apr 17 01:47:47 +0000 2014,1237,0,0,1532,en,http://abs.twimg.com/images/themes/theme6/bg.,0,0
2448598244,Jordyn O'Dell,Dixie_Girl08,Dacula, Georgia,,Southern girl, love God and my family too! Taken,0,48,2476,17,Thu Apr 17 02:42:28 +0000 2014,1265,0,0,1592,en,http://abs.twimg.com/images/themes/theme9/bg.,0,0
2448661814,Robert Foster,RobbFoster8,Orlando by way of DMV-NewNews,,Live by Golden Rule...There is still Good in this World. Enjoy it!,0,51,2458,14,Thu Apr 17 03:07:42 +0000 2014,1135,0,0,1422,en,http://abs.twimg.com/images/themes/theme3/bg.,0,0
2448708858,Adam Tice,attice01,MKE,,My good friends is all I need.,0,82,5001,17,Thu Apr 17 03:28:34 +0000 2014,1141,0,0,1410,en,http://abs.twimg.com/images/themes/theme6/bg.,0,0
2448943550,Mitch Buerman,mitchbuerman6,Charlestown, RI,,,0,46,2004,12,Thu Apr 17 05:01:04 +0000 2014,1148,0,0,1453,en,http://abs.twimg.com/images/themes/theme7/bg.,0,0
2448953240,Danielle,DaniGurl_0599,arkansas,,Dreams are hopeless aspirations In hopes of comin' 1 Believe in yourself the rest is up to me and you,0,56,2276,13,Thu Apr 17 05:04:54 +0000 2014,1375,0,0,1654,en,http://abs.twimg.com/images/themes/theme19/bg,0,0
2448981967,Chris Ellison,ChrisEllison36,San Diego, CA,,25 years young,0,97,4963,22,Thu Apr 17 05:13:32 +0000 2014,2867,0,0,2840,en,http://abs.twimg.com/images/themes/theme1/bg.,1,0
2449009873,Clair Jones,Clairjones09,,,,0,44,2440,11,Thu Apr 17 05:24:31 +0000 2014,1226,0,0,1469,en,http://abs.twimg.com/images/themes/theme14/bg,0,0
2449036014,Amy Casey,mostiydollparts,San Diego ,https://t.co/1ZdjzaGQuF,,0,70,3204,17,Thu Apr 17 05:40:32 +0000 2014,1177,0,0,1473,en,http://abs.twimg.com/images/themes/theme11/bg,0,0
2449111856,Sean,seanskasklw,clifton park,,have a bird that whistles and a bird that sings. Keeping it real since 92,0,84,4739,13,Thu Apr 17 06:09:41 +0000 2014,1248,0,0,1559,en,http://abs.twimg.com/images/themes/theme8/bg.,0,0
2449161320,Chris Stack,chrls_stack,Rochester Hills, MI,http://t.co/iuwcvvMRar,Let's rebuild together.,0,54,1606,6,Thu Apr 17 06:28:55 +0000 2014,1298,0,0,1592,en,http://abs.twimg.com/images/themes/theme16/bg,0,0
2449172282,Scott Liles,scottllles,Lewisville, Tx,,Two roads diverged in a yellow wood...,0,53,2587,23,Thu Apr 17 06:33:19 +0000 2014,1298,0,0,1603,en,http://abs.twimg.com/images/themes/theme14/bg,0,0
2449259119,BLB,geeratcharun53,Belieber Love Bieber,,I'M WATTING FOR JUSTIN BIEBER FOLLOW ME...SOMEDAY @justinbieber,0,51,1990,9,Thu Apr 17 07:25:15 +0000 2014,1224,0,0,1528,en,http://abs.twimg.com/images/themes/theme18/bg,0,0
2449414874,CrunchTime T.V,Ipmandab0ss,Deland, Fl,http://t.co/B4HOX9hUA2,Upcoming producer out her tryna get it like everybody else. started from the bottem now we here check my team man im flooding the streets with video.,0,82,3803,11,Thu Apr 17 09:36:45 +0000 2014,1249,0,0,1530,en,http://abs.twimg.com/images/themes/theme17/bg,0,0
2449427046,Branden Nettles,bnett86,College Station, Texas,,Class of 2015 BIMS Major at Texas A&M!,0,57,2250,18,Thu Apr 17 09:50:12 +0000 2014,1186,0,0,1451,en,http://abs.twimg.com/images/themes/theme2/bg.,0,0
2449453902,Frances Kinnane,FTK_Frances455,,,Frances . 19 . Carp√© Diem . We're all mad here . ‚öì,0,57,2246,15,Thu Apr 17 10:11:22 +0000 2014,1301,0,0,1554,en,http://abs.twimg.com/images/themes/theme13/bg,0,0
2449473480,NiluMON,DCheeseBurger39,,,,0,55,2419,8,Thu Apr 17 10:27:45 +0000 2014,1230,0,0,1543,en,http://abs.twimg.com/images/themes/theme6/bg.,0,0
2449475551,Amanda Dale,MallSwagger22,Nebraska,,:P,0,98,4606,14,Thu Apr 17 10:18:42 +0000 2014,1333,0,0,1601,en,http://abs.twimg.com/images/themes/theme6/bg.,0,0
2449478070,Tonya Maria Morse,TonyaMarlaMorse,Orlando, FL,,,0,53,1321,11,Thu Apr 17 10:30:48 +0000 2014,1141,0,0,1454,en,http://abs.twimg.com/images/themes/theme7/bg.,0,0
2449523346,Marsha Pod Jones,shecan_getit_81,Mobile, Al,,I live I learn and I get over it :),0,105,4914,20,Thu Apr 17 11:04:58 +0000 2014,2712,0,0,2850,en,http://abs.twimg.com/images/themes/theme17/bg,0,0
2449541196,patches thejew,patchesTheJew95,,http://t.co/RSmKLQ9HhV,frickin like magical wizard. snuggy model. just like whatever.,0,54,2353,24,Thu Apr 17 11:17:53 +0000 2014,1235,0,0,1539,en,http://abs.twimg.com/images/themes/theme6/bg.,0,0
2449598888,Dalton,daltonwoolsey6,canon city,,,0,91,5001,9,Thu Apr 17 11:55:15 +0000 2014,1139,0,0,1403,en,http://abs.twimg.com/images/themes/theme15/bg,0,0
2449633662,Gina Vargas,Giina47,Chicago ,,Stop Being Afraid About What Could  Go Wrong, And Start Being POSITIVE!! About What Could Go Right !! :D,0,75,1750,3,Thu Apr 17 12:20:27 +0000 2014,1265,0,0,1575,en,http://abs.twimg.com/images/themes/theme3/bg.,0,0
2449648842,MaRz,Thereaimarzz,USA,http://t.co/xI6oWNQi5r,hey i'm Marshall.. just a really cool,outgoing person. i love everyone in the world and my fav color is orange how deep is that!!! IMA BE FAMOUS YALL!!!!! haha,0,73,5001,6,Thu Apr 17 12:29:46 +0000 2014,1144,0,0,1402,en,http://abs.twimg.com/images/themes/theme3/bg.,0,0
2449689864,Sierra Higuera,SlerraHiguera,Washington,,Just another soul learning along the way‚úå,0,40,1588,4,Thu Apr 17 12:55:58 +0000 2014,1207,0,0,1448,en,http://abs.twimg.com/images/themes/theme14/bg,0,0
2449701817,Stacey Gibson,StaceyGibson0,Atlanta Georgia,http://t.co/J0wiO0cSBh,Commercial Sales Terminix,0,75,2527,23,Thu Apr 17 12:55:46 +0000 2014,1351,0,0,1634,en,http://abs.twimg.com/images/themes/theme18/bg,0,0
2449703000,Natalie Malone,lollielollie38,Sulphur, LA,,Kindergarten teacher, married 26 years, mom to 4 beautiful children and Granny to twin boys and one granddaughter!,0,107,4897,13,Thu Apr 17 13:01:18 +0000 2014,1238,0,0,1533,en,http://abs.twimg.com/images/themes/theme15/bg,0,0
2449772864,Stephen Scibal,StephenSclbal,Philadelphia, PA,,,0,41,2305,9,Thu Apr 17 13:45:11 +0000 2014,1194,0,0,1474,en,http://abs.twimg.com/images/themes/theme2/bg.,0,0
2449939460,Roudy,Roudy__noir,Phoenix, AZ ,http://t.co/ObzCrUQ44D,,0,45,2097,9,Thu Apr 17 15:22:51 +0000 2014,1225,0,0,1529,en,http://abs.twimg.com/images/themes/theme18/bg,0,0
2449941283,Alyssa Reals,Aly__babyyyy,Nebraska,,Navy Wife, Mommy to ‚ô•Bristol Diane,0,47,2512,14,Thu Apr 17 15:18:57 +0000 2014,1282,0,0,1574,en,http://abs.twimg.com/images/themes/theme2/bg.,0,0
2449942500,h+uo architects,htachuilandowen,New Hampshire,http://t.co/jNCpGOfA5I,hatch + ulland owen architects is an , TX-based architectural studio focused on creating visionary, sustainable and  socially responsible design.,0,40,2497,14,Thu Apr 17 15:27:32 +0000 2014,1179,0,0,1420,en,http://abs.twimg.com/images/themes/theme10/bg,0,0
2450013343,Amber Franklin,ambernchuck339,Winnsboro, La,,Married my best friend. We have two beautiful angel babies. We have two doggies who are like our children and we believe in the Cross.,0,74,3343,12,Thu Apr 17 16:03:11 +0000 2014,1239,0,0,1534,en,http://abs.twimg.com/images/themes/theme14/bg,0,0
2450031157,The Lavender Tone,comblnedtheory,Baltimore,http://t.co/Ju3encc4Ss,‚ôèfell from the sky, forgot where I came from‚ôè,0,95,4941,6,Thu Apr 17 16:14:38 +0000 2014,1266,0,0,1547,en,http://abs.twimg.com/images/themes/theme19/bg,0,0
2450075299,Hortus Fratris NY,HortusFratrlsNY,New York, USA,http://t.co/Nk9l1NEgQg,We are a family based company that produces beauty and personal hygiene products.,0,66,2369,6,Thu Apr 17 16:42:43 +0000 2014,1267,0,0,1588,en,http://abs.twimg.com/images/themes/theme2/bg.,0,0
2474816573,Jackie Quaranta,JackleQuaranta,New Jersey,,21. boyfriend ‚ô•.  stockton 13',0,55,1620,17,Thu Apr 10 21:25:02 +0000 2014,1219,0,0,1485,en,http://abs.twimg.com/images/themes/theme5/bg.,0,0
2474824864,Brett Hafeman,BrettHafeman126,Michigan ,,,0,68,2476,9,Thu Apr 10 21:26:54 +0000 2014,1242,0,0,1543,en,http://abs.twimg.com/images/themes/theme17/bg,0,0
2474984236,Emily Davis,EmilyDavis83,seattle, wa,,The world is your oyster.,0,67,2546,10,Thu Apr 10 23:32:34 +0000 2014,1292,0,0,1586,en,http://abs.twimg.com/images/themes/theme18/bg,0,0
2475073337,Wei Jie Lin,WEIJL4032,Wilmington, NC. US,,,0,81,4943,12,Fri Apr 11 00:36:34 +0000 2014,2757,0,0,2799,en,http://abs.twimg.com/images/themes/theme4/bg.,0,0
2475125723,Ashwin Keener,ashwln23,,,,0,49,1725,9,Fri Apr 11 01:12:53 +0000 2014,1157,0,0,1413,en,http://abs.twimg.com/images/themes/theme19/bg,0,0
2475154660,Kath,Kat__CestLaVie,ca ,,Im in the pursuit of happiness, and i have the heart of a lion.,0,58,2401,12,Fri Apr 11 01:29:14 +0000 2014,1202,0,0,1506,en,http://abs.twimg.com/images/themes/theme3/bg.,0,0
2475251025,Geekaholic Apparel,GeekahollcGear,,http://t.co/zQT8E6LbE0,Geekaholic Apparel, it's dope.,0,116,4966,14,Fri Apr 11 02:40:52 +0000 2014,2777,0,0,2860,en,http://abs.twimg.com/images/themes/theme6/bg.,0,0
2475301780,xtynaboo,xtynabo0,Miami,,,0,45,2086,16,Fri Apr 11 03:10:32 +0000 2014,1187,0,0,1490,en,http://abs.twimg.com/images/themes/theme13/bg,0,0
2475303706,Justin Evans,thejustlnmevans,West Carrollton, Ohio,http://t.co/3ueT7nWfKN,Drummer of 12 years with gig and tour experience. I track drums through my Alesis DM8 Pro.,0,78,3051,8,Fri Apr 11 03:11:50 +0000 2014,1271,0,0,1582,en,http://abs.twimg.com/images/themes/theme14/bg,0,0
2475358611,Jesse,JesseM48,California, LA, LB OC,,working & living :),0,81,4838,7,Fri Apr 11 03:56:15 +0000 2014,1320,0,0,1670,en,http://abs.twimg.com/images/themes/theme4/bg.,0,0
2475368842,Taylor Wheeler,tayymaeee718,Kansas City, MO,,,0,51,1633,4,Fri Apr 11 03:57:33 +0000 2014,1309,0,0,1622,en,http://abs.twimg.com/images/themes/theme1/bg.,1,0
2475411022,Carrie Spurlock,carrlethecrow,Columbus, Ohio,,,0,44,1754,24,Fri Apr 11 04:26:42 +0000 2014,1323,0,0,1614,en,http://abs.twimg.com/images/themes/theme4/bg.,0,0
2475418529,Cristal Medina,crlssymousexx,,http://t.co/HezFw8hl3D,Procrastinator, animal fiend, lover of all that is asthetically pleasing.,0,60,2802,18,Fri Apr 11 04:35:24 +0000 2014,1310,0,0,1598,en,http://abs.twimg.com/images/themes/theme11/bg,0,0
2475427906,Blas Lewis Castillo,mrcoolguy363ify,Van Nuys,California,,,0,70,2384,16,Fri Apr 11 04:38:27 +0000 2014,1286,0,0,1606,en,http://abs.twimg.com/images/themes/theme6/bg.,0,0
2475489633,Staci Swink,StaclRS,Newman, Illinois,http://t.co/nMCYu4MFJX,Married to my best friend. I have three grown kids who turned out amazing, and we were blessed with a grandson.,0,67,2540,18,Fri Apr 11 05:27:03 +0000 2014,1347,0,0,1621,en,http://abs.twimg.com/images/themes/theme2/bg.,0,0
2475500674,*juicy j*,juicy__jalesa,west side of charlotte ,http://t.co/kEKpqbWGPc,#TeamCapricorn ## Team follow bk ##Team loyal ##Team juicy j*****,0,64,2599,8,Fri Apr 11 05:28:39 +0000 2014,1286,0,0,1570,en,http://abs.twimg.com/images/themes/theme2/bg.,0,0
2475587109,Richard Bourland,rickb848,Michigan,,,0,22,1423,8,Fri Apr 11 06:33:31 +0000 2014,1174,0,0,1456,en,http://abs.twimg.com/images/themes/theme18/bg,0,0
2475605032,Allah creating man!,9submit, Los Angeles, California 90006,https://t.co/gzsS1SqxTB,Blessed be He who has revealed Al-Furqan to His servant: Marvin Shorter, that he may warn the nations: Allah has begotten no wife or children?,0,56,1972,23,Fri Apr 11 06:39:44 +0000 2014,1285,0,0,1545,en,http://abs.twimg.com/images/themes/theme1/bg.,1,0
2475605319,Shomari Smoak,mlstasmoak,Washington, DC,,television enthusiast, lover of all things medical, male fashionista in the brain. #Hoyas #blueandgray,0,48,1784,4,Fri Apr 11 06:45:47 +0000 2014,1230,0,0,1489,en,http://abs.twimg.com/images/themes/theme8/bg.,0,0
2475611836,Lana,Lana_Love52,,,,0,60,2540,12,Fri Apr 11 06:44:28 +0000 2014,1140,0,0,1375,en,http://abs.twimg.com/images/themes/theme16/bg,0,0
2475699855,Skaterator,angelmedlna93,Los Angeles,http://t.co/ElePXqqvdw,,0,59,2566,26,Fri Apr 11 07:50:04 +0000 2014,1330,0,0,1619,en,http://abs.twimg.com/images/themes/theme13/bg,0,0
2475702785,Megan Reynolds,MeganCiooney,Chicago,,I live for the nights I can't remember with the friends I'll never forget :),0,71,2334,9,Fri Apr 11 07:49:49 +0000 2014,1252,0,0,1489,en,http://abs.twimg.com/images/themes/theme15/bg,0,0
2475728866,Jeremy Sexton,runjeremyrun243,Clinton, TN,,father of 3, husband to a wonderful wife, love to run a lot.  I have Ushers Syndrome,0,56,1815,13,Fri Apr 11 08:04:21 +0000 2014,1230,0,0,1534,en,http://abs.twimg.com/images/themes/theme18/bg,0,0
2475733103,Lafftheory,Laffthe0ry,Atlanta,,,0,78,4897,10,Fri Apr 11 08:10:04 +0000 2014,1195,0,0,1464,en,http://abs.twimg.com/images/themes/theme19/bg,0,0
2475736559,‡∏Ç‡∏±‡∏ï‡∏ï‡∏¥‡πÄ‡∏¢‡πÄ‡∏¢‡πà‡πÄ‡∏¢‡πâ,Plai62,,,‡∏ä‡∏∑‡πà‡∏≠‡∏õ‡∏•‡∏≤‡∏¢ | ‡πÄ‡∏£‡∏µ‡∏¢‡∏Å‡∏õ‡∏•‡∏≤‡∏¢‡∏Å‡πá‡πÑ‡∏î‡πâ | ‡πÄ‡∏õ‡πá‡∏ô‡∏Ñ‡∏ô‡∏Ç‡∏µ‡πâ‡πÄ‡∏•‡πà‡∏ô‡πÅ‡∏ï‡πà‡πÑ‡∏°‡πà‡πÄ‡∏•‡πà‡∏ô‡∏Ç‡∏µ‡πâ,0,52,2503,4,Fri Apr 11 08:13:01 +0000 2014,1348,0,0,1617,en,http://abs.twimg.com/images/themes/theme18/bg,0,0
2475742745,daniel,Its__daniel__ok,perris california ,,I like games and im chill,0,61,2454,23,Fri Apr 11 08:16:47 +0000 2014,1243,0,0,1511,en,http://abs.twimg.com/images/themes/theme18/bg,0,0
2475766258,Tiffani Chacon,tlfflubsyooh,Wichita, KS,,,0,66,3147,9,Fri Apr 11 08:30:05 +0000 2014,1167,0,0,1411,en,http://abs.twimg.com/images/themes/theme19/bg,0,0
2475885039,Tora Newton,AdorabiyRotten,Atlanta, Georgia,http://t.co/drqabMobcy,Gravity Falls obsessed animation student, cartoon fanatic, video gamer, comic reader, Great Old One worshiper, and all-around general nerd.,0,59,2271,25,Fri Apr 11 09:53:08 +0000 2014,1354,0,0,1659,en,http://abs.twimg.com/images/themes/theme8/bg.,0,0
2475935999,Corinne Norvelle,CorlnneNorvelle,Virginia,,,0,58,1734,16,Fri Apr 11 10:23:37 +0000 2014,1280,0,0,1569,en,http://abs.twimg.com/images/themes/theme5/bg.,0,0
2475967174,VJ John Miranda,MlrandaPresents,San Jose ,http://t.co/iyRwz9LHTD,Specializing in Mobile Video/Audio Events,0,50,3235,12,Fri Apr 11 10:40:14 +0000 2014,1294,0,0,1583,en,http://abs.twimg.com/images/themes/theme1/bg.,1,0
2476028397,premier softball,premlersball,1215 wheaton ave, troy 48083,http://t.co/3M1fBqKY99,,0,49,2055,12,Fri Apr 11 11:23:08 +0000 2014,1155,0,0,1436,en,http://abs.twimg.com/images/themes/theme7/bg.,0,0
2476035531,Katrina Beran,Trina12Beran,North Platte NE,,Make sure what ever you do, doesn't reflect badly on you in the end!!,0,45,1733,27,Fri Apr 11 11:27:08 +0000 2014,2048,0,0,2230,en,http://abs.twimg.com/images/themes/theme9/bg.,0,0
2476110041,Molly_Mayor,MoreOfflc,,,Molly Mayor,0,56,2308,35,Fri Apr 11 12:09:38 +0000 2014,1308,0,0,1590,en,http://abs.twimg.com/images/themes/theme11/bg,0,0
2476122130,NuNu,starr858,in between!!!!!,,,0,41,1527,4,Fri Apr 11 12:13:46 +0000 2014,1224,0,0,1541,en,http://abs.twimg.com/images/themes/theme12/bg,0,0
2476123535,Lady Jay ‚ù§,__Ayoitsofficia,Where I Make Dreams Come 1,,- Karma Is Ah Bitch, Well Just Make Sure That Bitch Is Beautiful ‚ù§,0,52,1838,19,Fri Apr 11 12:16:58 +0000 2014,1238,0,0,1550,en,http://abs.twimg.com/images/themes/theme17/bg,0,0
2476127818,Alya Azzahra,alyaazzahra36,Sumedang, West Java,http://t.co/ZdmxdkVviN,,0,48,1787,14,Fri Apr 11 12:17:16 +0000 2014,1316,0,0,1608,en,http://abs.twimg.com/images/themes/theme15/bg,0,0
2476153138,Wolf Finnick,joshmar8892,San Antonio,,Stand up comic, College student at San Antonio North West Vista, rhythm/bass player, Snapchat: josh_martini1,0,67,3917,20,Fri Apr 11 12:32:13 +0000 2014,964,0,0,1198,en,http://abs.twimg.com/images/themes/theme2/bg.,0,0
2476180341,Rebecca Dillon,RebeccaDillon0,Gainesboro,,Œπ—Ç'—ï oƒ∏ay —Ço “ìeel weaƒ∏ —ïo–ºe—ÇŒπ–ºe—ï. Œπ—Ç—ï oƒ∏ay —Ço –≤e a“ìraŒπd.—Ç–Ωe Œπ–ºpor—Çan—Ç —Ç–ΩŒπng Œπ—ï —Ç–Ωa—Ç we “ìace oœÖr “ìear—ï. —Ç–Ωa—Ç'—ï w–Ωa—Ç –ºaƒ∏e—ï œÖs —ï—Çong.,0,36,1774,20,Fri Apr 11 12:52:01 +0000 2014,1244,0,0,1516,en,http://abs.twimg.com/images/themes/theme19/bg,0,0
2476214667,Kellie Gwozdz,keLLie__What,Nashville, TN,http://t.co/6SthMq7LDd,Once was told I reminded someone of a female Chris Farley...not sure if it was the fat or funny part. Mom of four. Wife of one...maybe two.,0,77,3003,17,Fri Apr 11 13:11:06 +0000 2014,1279,0,0,1589,en,http://abs.twimg.com/images/themes/theme11/bg,0,0
2476254143,Sanyia K,SanilKay,Manchester,,,0,48,2091,14,Fri Apr 11 13:30:29 +0000 2014,1221,0,0,1504,en,http://abs.twimg.com/images/themes/theme1/bg.,1,0
2476293327,D2,D7Enriquezz,MUT | MyTeam | PSN:D2Enriquez ,,,0,54,3253,14,Fri Apr 11 13:54:09 +0000 2014,1216,0,0,1504,en,http://abs.twimg.com/images/themes/theme18/bg,0,0
2476337608,devanico y.duta.M „ÉÑ,devanlcoo,,,MPK 14/15,0,51,2567,29,Fri Apr 11 14:13:14 +0000 2014,1319,0,0,1637,en,http://abs.twimg.com/images/themes/theme5/bg.,0,0
2476338591,Saba Quadri,thatgirl__saba,Round Lake ,,,0,89,4867,17,Fri Apr 11 14:18:46 +0000 2014,1367,0,0,1665,en,http://abs.twimg.com/images/themes/theme12/bg,0,0
2476458976,aracellybmartinez,arabland0n,miami, florida,http://t.co/lXrZ9gy6W1,a mother of 4 beautiful kids, dedicated to educate people on the wonders of Chiropractic and the responsibility of having Chiropractic as part of your lives.,0,43,1812,9,Fri Apr 11 15:18:52 +0000 2014,1248,0,0,1509,en,http://abs.twimg.com/images/themes/theme16/bg,0,0
2476605651,Lisa Boender,LlsaBoender,Waukee, IA,,My name is L-Bo. I got that name in prison and I'm not scared to go back.,0,57,1551,16,Fri Apr 11 16:40:12 +0000 2014,2122,0,0,2263,en,http://abs.twimg.com/images/themes/theme14/bg,0,0
2476752021,Jeffrey Arevalo,young_J40,,,,0,58,1779,20,Fri Apr 11 17:53:21 +0000 2014,1246,0,0,1532,en,http://abs.twimg.com/images/themes/theme9/bg.,0,0
2476793199,Caleb Stoffel,StoffeiCaleb,Milford, IN,,Live the dream life in Northern Indiana. Factory worker and do the damn thing all day, erry day. Chasing the pursuit of happiness and finding my destiny.,0,73,3076,24,Fri Apr 11 18:13:47 +0000 2014,1232,0,0,1520,en,http://abs.twimg.com/images/themes/theme14/bg,0,0
2476886055,Jess,jessherms278,New Jersey,,,0,63,2212,15,Fri Apr 11 18:57:46 +0000 2014,1303,0,0,1606,en,http://abs.twimg.com/images/themes/theme14/bg,0,0
2476898854,Kenneth Windham,KennethWlnd,North Carolina,,,0,71,2697,10,Fri Apr 11 19:00:15 +0000 2014,1234,0,0,1537,en,http://abs.twimg.com/images/themes/theme16/bg,0,0
2476933822,nort,keenann0rton,,http://t.co/yn8WHBLkUM,You probably dont know me but i bet you think im a dick.,0,48,2328,17,Fri Apr 11 19:16:49 +0000 2014,1266,0,0,1587,en,http://abs.twimg.com/images/themes/theme6/bg.,0,0
2476937644,T,dongesm0ked,,,,0,45,1708,4,Fri Apr 11 19:18:57 +0000 2014,1251,0,0,1535,en,http://abs.twimg.com/images/themes/theme9/bg.,0,0
2476975827,Austin Mitchell,amitchell__pgh,Pittsburgh,,,0,71,4484,8,Fri Apr 11 19:41:44 +0000 2014,1276,0,0,1564,en,http://abs.twimg.com/images/themes/theme4/bg.,0,0
2476986069,Sammy Hermez,sammyhermez864,San Francisco, CA,http://t.co/bvPiGrURmM,General Sales Manager @ Nissan Infiniti Of San Francisco,0,67,2564,12,Fri Apr 11 19:46:39 +0000 2014,1319,0,0,1601,en,http://abs.twimg.com/images/themes/theme7/bg.,0,0
2477110281,Lydia Blomberg,LydlaBlomberg,,,Pugs, crafts, makeup, cake decorator, derping around.,0,58,1784,13,Fri Apr 11 20:47:44 +0000 2014,1205,0,0,1480,en,http://abs.twimg.com/images/themes/theme19/bg,0,0
2477204446,Prince of Fire,SeaLionZlon,,,I am the stone that the builder refused. #SoulJah #Peace&Blessings,0,34,1014,11,Fri Apr 11 21:30:16 +0000 2014,1348,0,0,1637,en,http://abs.twimg.com/images/themes/theme7/bg.,0,0
2477260054,jennifer hoisington,jhoisington95,texas,http://t.co/o3BnTri83W,I love looking and feeling good but more than that i love helping others look and feel good to,0,115,4727,12,Fri Apr 11 21:59:16 +0000 2014,1316,0,0,1634,en,http://abs.twimg.com/images/themes/theme11/bg,0,0
2477306128,danes,danesmltasr,,,,0,50,2478,8,Fri Apr 11 22:23:22 +0000 2014,1228,0,0,1503,en,http://abs.twimg.com/images/themes/theme13/bg,0,0
2477344803,Brett Cook,Brett__M__Cook,Chicago, IL.,,Bonjour, my name is Brett, I'm not a picky guy and i'm a huge sports fanatic! Stylin' and profilin'!,0,51,2325,29,Fri Apr 11 22:48:23 +0000 2014,1298,0,0,1594,en,http://abs.twimg.com/images/themes/theme11/bg,0,0
2477403244,Ray Maningo,RayRay__loves__,California ,http://t.co/FJIIJacsjZ,At least I have my personality.,0,56,2592,37,Fri Apr 11 23:16:28 +0000 2014,1243,0,0,1521,en,http://abs.twimg.com/images/themes/theme14/bg,0,0
2477425625,SANDY,iunaasandy,California.,,,0,82,4890,12,Fri Apr 11 23:32:30 +0000 2014,1215,0,0,1506,en,http://abs.twimg.com/images/themes/theme7/bg.,0,0
2477533606,Brittany,pttsbrghprncss8,Chicago, IL,https://t.co/Id46ZqqVq7,The beauty & lifestyle blog of Pennsylvania native @brittnyandrade,0,79,3186,12,Sat Apr 12 00:33:37 +0000 2014,1165,0,0,1439,en,http://abs.twimg.com/images/themes/theme3/bg.,0,0
2477609283,Travis Taylor,TravlsNTaylor,Los Angeles, California,,,0,49,1801,6,Sat Apr 12 01:24:45 +0000 2014,1309,0,0,1579,en,http://abs.twimg.com/images/themes/theme19/bg,0,0
2477678488,Buckeye Cub Tug,CubTug560,Stoutsville, Ohio,http://t.co/modhJIofsv,Ohio's premiere all-farmall-cub tractor pull and gathering,0,70,4984,8,Sat Apr 12 02:03:17 +0000 2014,1110,0,0,1401,en,http://abs.twimg.com/images/themes/theme2/bg.,0,0
2477701061,Mr. Valentine,maiomando,Chicago,,,0,59,1886,16,Sat Apr 12 02:20:09 +0000 2014,1286,0,0,1566,en,http://abs.twimg.com/images/themes/theme1/bg.,1,0
2477710473,akhilesh asokan,akhilesh__asoka,,http://t.co/mToxUj0dqL,online buzzer,:) 24x7,0,75,3961,14,Sat Apr 12 02:28:08 +0000 2014,1305,0,0,1606,en,http://abs.twimg.com/images/themes/theme1/bg.,1,0
2477735039,S.S,Lust1MyThoughts,Bronx,ny,,Be real, be yourself, be unique, be honest, be humble. Be forewarned: I'm accused of speaking my own language here! Follow me as i am or Watch me as i go.,0,46,1992,7,Sat Apr 12 02:41:22 +0000 2014,1287,0,0,1562,en,http://abs.twimg.com/images/themes/theme15/bg,0,0
2477813649,Greg Scarola,GScarola9,North Carolina,,East Carolina University Alum, Go Pirates! UNC-Charlotte MSPH,0,40,2576,17,Sat Apr 12 03:33:53 +0000 2014,1311,0,0,1609,en,http://abs.twimg.com/images/themes/theme8/bg.,0,0
2477829040,Ko Shu,TheLastV0w,,,Ë∞¢Ë∞¢ÊàëÁöÑ‰∏çÂÆåÁæéÔºåËÆ©ÊàëÁü•ÈÅìÊúÄÁà±ÊàëÁöÑ‰∫∫ÊòØË∞Å„ÄÇ,0,64,3294,7,Sat Apr 12 03:38:11 +0000 2014,1313,0,0,1607,en,http://abs.twimg.com/images/themes/theme14/bg,0,0
2477829525,Under construction,iamse97,The Garden of the Prophet,,ŒëœÄœå œÑœåœÑŒµ œÄŒøœÖ Œ∫ŒøœÖœÅŒ¨œÉœÑŒ∑Œ∫Œ± ŒΩŒ± œàŒ¨œáŒΩœâ,Œ≠ŒºŒ±Œ∏Œ± ŒΩŒ± Œ≤œÅŒØœÉŒ∫œâ.ŒöŒπ Œ±œÄœå œÑœåœÑŒµ œÄŒøœÖ Œø Œ¨ŒΩŒµŒºŒøœÇ ŒºŒøœÖ ŒµŒΩŒ±ŒΩœÑŒπœéŒ∏Œ∑Œ∫Œµ,Œ≠ŒºŒ±Œ∏Œ± ŒΩŒ± œÉŒ±ŒªœÄŒ¨œÅœâ ŒºŒµ œ,0,55,2661,9,Sat Apr 12 03:44:17 +0000 2014,1250,0,0,1566,en,http://abs.twimg.com/images/themes/theme1/bg.,1,0
2477853681,jim.luepke,j6m5alaya,Milwaukee, WI,http://t.co/CV8rIkMsK6,,0,64,3008,17,Sat Apr 12 03:59:33 +0000 2014,1279,0,0,1557,en,http://abs.twimg.com/images/themes/theme14/bg,0,0
2477897854,Amy Adams,dnabennett236,Georgia,,Im @dudeeeitsmacy's Mom. ‚ù§Ô∏è,0,59,1792,16,Sat Apr 12 04:22:51 +0000 2014,2409,0,0,2577,en,http://abs.twimg.com/images/themes/theme7/bg.,0,0
2477939453,Talia,JusTaliaClvrz,USA, Hawaii,,I'm a recording artist. Working with Universal Music Prododucer Ced solo. Working hard everyday and night to achive my dreams. Stay tuned and follow me.,0,55,2578,17,Sat Apr 12 04:52:33 +0000 2014,1279,0,0,1585,en,http://abs.twimg.com/images/themes/theme14/bg,0,0
2477988340,trey mitchell,trey_mitchell64,portland,,Senior At Aloha Bikes Jiffy Lube Dablife,0,54,2349,25,Sat Apr 12 05:19:02 +0000 2014,1328,0,0,1590,en,http://abs.twimg.com/images/themes/theme15/bg,0,0
2478076623,Vince Arechiga,Areche708,Arlington, VA,http://t.co/QexKPOu12b,,0,35,1452,15,Sat Apr 12 06:17:07 +0000 2014,1094,0,0,1331,en,http://abs.twimg.com/images/themes/theme7/bg.,0,0
2478081238,kristen mitchell,krlstenmitchel1,America,,,0,56,1778,11,Sat Apr 12 06:15:09 +0000 2014,1274,0,0,1562,en,http://abs.twimg.com/images/themes/theme17/bg,0,0
2478096099,The Muffin Man,LBMaieeme,Earth,,,0,44,1789,18,Sat Apr 12 06:28:24 +0000 2014,1261,0,0,1552,en,http://abs.twimg.com/images/themes/theme12/bg,0,0
2478124139,Conner Christian,tru__WF__og,Harlem,GA,,sit back and take tokes of the marijuana smoke, #pitbull owner/lover/advocate #420,0,44,1558,18,Sat Apr 12 06:43:04 +0000 2014,1239,0,0,1533,en,http://abs.twimg.com/images/themes/theme10/bg,0,0
2478131992,VintageMom,VintageMom96,USA,,Mom, Grandma, and dog lover! I enjoy sleeping late on Sundays.,0,43,1531,24,Sat Apr 12 06:44:41 +0000 2014,1136,0,0,1388,en,http://abs.twimg.com/images/themes/theme7/bg.,0,0
2478133420,Kristel Petty-Jones,Kpjones28,Farmington,,Zumba Instructor,0,55,2413,17,Sat Apr 12 06:45:22 +0000 2014,1297,0,0,1585,en,http://abs.twimg.com/images/themes/theme9/bg.,0,0
2479154194,Tamra Lundy,TLundy01,indiana,,,0,83,4482,12,Sat Apr 12 15:45:03 +0000 2014,1311,0,0,1605,en,http://abs.twimg.com/images/themes/theme12/bg,0,0
2479204385,Lakeesha Avellino,baej0neszzvz,USA, Connecticut,,I like music, shopping, drawing, and spending time with family and friends.,0,34,2156,20,Sat Apr 12 16:11:55 +0000 2014,1178,0,0,1480,en,http://abs.twimg.com/images/themes/theme9/bg.,0,0
2479257688,Noah Irish,NoahIrlsh,,https://t.co/iN7NhalNfk,Living.,0,62,2127,27,Sat Apr 12 16:35:06 +0000 2014,1240,0,0,1514,en,http://abs.twimg.com/images/themes/theme18/bg,0,0
2479276199,I ‚ô• Nikki Benz,OGNlkkiDyi,USA, Rhode Island,,Unofficial fan account featuring hot pics and videos of busty blonde pornstar Nikki Benz. (Official Nikki at @NikkiBenz),0,48,2299,7,Sat Apr 12 16:46:10 +0000 2014,1235,0,0,1535,en,http://abs.twimg.com/images/themes/theme4/bg.,0,0
2479331663,Heather L,LuvMyFamllyGirl,Arizona,,Ephesians 3:14-21,0,65,2274,20,Sat Apr 12 17:12:21 +0000 2014,1293,0,0,1553,en,http://abs.twimg.com/images/themes/theme5/bg.,0,0
2479353189,Nora Garcia,NoraYGarcla,OC, CA,,Don't look back your not going that way‚û°Ô∏è #justdoit #CrossFit #Calilife,0,124,4605,13,Sat Apr 12 17:24:23 +0000 2014,1290,0,0,1593,en,http://abs.twimg.com/images/themes/theme18/bg,0,0
2479357960,Everett,EATraveiMan,COLORADO,,,0,70,4028,19,Sat Apr 12 17:22:36 +0000 2014,1330,0,0,1646,en,http://abs.twimg.com/images/themes/theme14/bg,0,0
2479363186,Kristi G's Cupcakes,krlstigscupcake,Vista Ridge Mall of Lewisville,http://t.co/r89XNV2tQk,Family bakery- specializing in gourmet cupcakes and other sweet treats and pastries baked from scratch daily! Call today 972.436.1234,0,84,4527,15,Sat Apr 12 17:24:53 +0000 2014,1223,0,0,1493,en,http://abs.twimg.com/images/themes/theme14/bg,0,0
2479400085,Andy Rolleri,AndyPantry491,Fairfield,CT,http://t.co/g5H9sKdBlU,Chef,0,49,2637,19,Sat Apr 12 17:46:25 +0000 2014,1341,0,0,1643,en,http://abs.twimg.com/images/themes/theme16/bg,0,0
2479403787,I need to meet Lana,lshaxcx,New York City ,,Lana Del Rey ‚ù§Ô∏è,0,59,2455,23,Sat Apr 12 17:47:55 +0000 2014,1216,0,0,1490,en,http://abs.twimg.com/images/themes/theme1/bg.,1,0
2479441973,Justin Bee,jayybeee52,Fort Smith Arkansas.,,,0,68,3067,15,Sat Apr 12 18:04:04 +0000 2014,1076,0,0,1325,en,http://abs.twimg.com/images/themes/theme6/bg.,0,0
2479526171,Krazy.Sexcii.Kool,ChakiaFlelds,Maryland ,,,0,48,1854,13,Sat Apr 12 18:45:54 +0000 2014,1317,0,0,1623,en,http://abs.twimg.com/images/themes/theme15/bg,0,0
2479594330,Fez CateringDirector,Fez__Weddings,Hopewell Township, PA  15001,http://t.co/WghRITwNVh,,0,86,4847,16,Sat Apr 12 19:17:44 +0000 2014,1227,0,0,1544,en,http://abs.twimg.com/images/themes/theme16/bg,0,0
2479599424,- Lidisy )*,LidlsyRodriguez,Port Charlotte, FL,,Lidisy | 19 | FL ‚ô•,0,87,4598,14,Sat Apr 12 19:19:47 +0000 2014,1304,0,0,1608,en,http://abs.twimg.com/images/themes/theme18/bg,0,0
2479655105,JoshuaJr_Mommy,RemyRascai,chicago,ill U.S.A,,Chase Who chase you I ain't neva been the one to chase boo,0,37,1696,17,Sat Apr 12 19:48:57 +0000 2014,1319,0,0,1616,en,http://abs.twimg.com/images/themes/theme15/bg,0,0
2479723408,Lou Teasdale,louteasdaiengka,USA, Kansas,,Agent - krystal@thebookagency.co.uk,0,86,4585,15,Sat Apr 12 20:19:57 +0000 2014,1250,0,0,1533,en,http://abs.twimg.com/images/themes/theme15/bg,0,0
2479732144,allyson smith,allyrocks42,Morristown,,Really nice and cant wait to get away from this town .. lol,0,60,1753,9,Sat Apr 12 20:24:33 +0000 2014,1290,0,0,1573,en,http://abs.twimg.com/images/themes/theme11/bg,0,0
2479744635,Ambuj Kumar,sendambuj570,Gainesville,http://t.co/stLuTn6eK3,,0,28,1378,8,Sat Apr 12 20:34:28 +0000 2014,1050,0,0,1284,en,http://abs.twimg.com/images/themes/theme15/bg,0,0
2479750727,Catherine Caskey,Cask79,Seattle, WA ,,graphic designer. photographer.,0,60,1875,32,Sat Apr 12 20:35:55 +0000 2014,2236,0,0,2414,en,http://abs.twimg.com/images/themes/theme14/bg,0,0
2479752237,Ashley Kruger,loveiyAaB,Lexington, KY,https://t.co/W5GyO6q2T1,,0,48,2346,14,Sat Apr 12 20:38:38 +0000 2014,1298,0,0,1575,en,http://abs.twimg.com/images/themes/theme5/bg.,0,0
2479755933,ARTIE MAY,Skittle__Regenc,Fresno ,,,0,39,1588,2,Sat Apr 12 20:40:27 +0000 2014,1110,0,0,1405,en,http://abs.twimg.com/images/themes/theme7/bg.,0,0
2479928069,Heladio0009,Soccer_Runner66,,,,0,64,3059,18,Sat Apr 12 22:04:37 +0000 2014,1292,0,0,1577,en,http://abs.twimg.com/images/themes/theme13/bg,0,0
2479933509,Heather,heatherdaisy65,chicago ,,24, bored, Am I evil? Yes I am,0,71,3114,11,Sat Apr 12 22:09:48 +0000 2014,1236,0,0,1511,en,http://abs.twimg.com/images/themes/theme1/bg.,1,0
2479953809,Yaritza‚ùÅ,YarlEspino,,,God has a vision for my life that is far greater than my imagination can hold ‚úåÔ∏è,0,66,2769,12,Sat Apr 12 22:18:14 +0000 2014,1273,0,0,1553,en,http://abs.twimg.com/images/themes/theme1/bg.,1,0
2479990203,Tori,Tdtorl,Nowhere land,,Political Science major at Kent State University,0,67,2369,24,Sat Apr 12 22:40:31 +0000 2014,1311,0,0,1608,en,http://abs.twimg.com/images/themes/theme10/bg,0,0
2480035121,Nabil Mardini,MardicoCoachlng,,,,0,63,2745,9,Sat Apr 12 23:03:11 +0000 2014,1128,0,0,1411,en,http://abs.twimg.com/images/themes/theme3/bg.,0,0
2480050907,Aimee Smith,ComposerAlmee,United States,http://t.co/TFHChQ4JS9,,0,49,1771,15,Sat Apr 12 23:12:43 +0000 2014,1155,0,0,1478,en,http://abs.twimg.com/images/themes/theme1/bg.,1,0
2480065311,Mark Shenoda,MShen0da,New York,,,0,61,2545,10,Sat Apr 12 23:23:13 +0000 2014,1274,0,0,1558,en,http://abs.twimg.com/images/themes/theme14/bg,0,0
2480204104,Lejla Aina Olsen,lejlatuklc,,,L O S A N G E L E S,0,47,1781,9,Sun Apr 13 00:39:30 +0000 2014,1234,0,0,1561,en,http://abs.twimg.com/images/themes/theme8/bg.,0,0
2480213001,Chris A. Vergara,CHRISVERGARA91,New York, New York,http://t.co/LKskv1DyzE,,0,90,4051,13,Sun Apr 13 00:49:29 +0000 2014,1253,0,0,1531,en,http://abs.twimg.com/images/themes/theme7/bg.,0,0
2480266545,Greg Velu,Gregveiu,MIAMI, Fl.,,,0,88,2591,24,Sun Apr 13 01:22:11 +0000 2014,2479,0,0,2697,en,http://abs.twimg.com/images/themes/theme15/bg,0,0
2480268017,STONEz0nePARK,STONEY__LONE,SHELL SHOCK CITY,,GRINDOLOGY MAJOR....,0,72,3720,15,Sun Apr 13 01:20:37 +0000 2014,1315,0,0,1600,en,http://abs.twimg.com/images/themes/theme10/bg,0,0
2480286177,WeldingWarehouseInc,WeldlngWarehous,Commerce, California,http://t.co/NqohrwMT1X,The Welding Warehouse provides you with all your welding needs. Visit our website at http://t.co/NqohrwMT1X or call toll free at 1-800-800-1150,0,46,2277,17,Sun Apr 13 01:34:17 +0000 2014,1269,0,0,1519,en,http://abs.twimg.com/images/themes/theme18/bg,0,0
2480424045,Benjamin Holleman,benhoileman,St. Joseph, MI,,Teach middle school math. In groups. Share desks. Solve good problems.,0,62,2329,14,Sun Apr 13 02:59:15 +0000 2014,1293,0,0,1592,en,http://abs.twimg.com/images/themes/theme18/bg,0,0
2480426134,È§Ö„Åè„Å†„Åï„ÅÑ,Shauiallama, Austin tx ,,Art and inspiration please,0,29,1980,9,Sun Apr 13 02:55:21 +0000 2014,1103,0,0,1388,en,http://abs.twimg.com/images/themes/theme19/bg,0,0
2480442052,hey_you,heatherband362,im in nokavaskiashantima,,im me (i cant descibe myself in fewer than 160 chars.),0,60,2475,11,Sun Apr 13 03:05:19 +0000 2014,1271,0,0,1558,en,http://abs.twimg.com/images/themes/theme11/bg,0,0
2480537453,Janell Arce,Jaja26394,Austin, TX ,,I love people, convo and discovering new things.,0,53,2574,12,Sun Apr 13 04:06:39 +0000 2014,1269,0,0,1565,en,http://abs.twimg.com/images/themes/theme6/bg.,0,0
2480667586,Trippy J,thegreatest60,nc 'merica',http://t.co/8ICAxSe9sn,PF nation| busting mine to kick yours ‚úä,0,58,2270,20,Sun Apr 13 05:22:48 +0000 2014,1306,0,0,1593,en,http://abs.twimg.com/images/themes/theme5/bg.,0,0
2480686667,Suzanne Hash,suzannehash893,Euharlee Georgia,,I am 49 1/2 yr old mom of 2.I am currently seeking employment but until then I can usually be found at the lake or floating in the pool.,0,82,4977,6,Sun Apr 13 05:37:07 +0000 2014,1257,0,0,1553,en,http://abs.twimg.com/images/themes/theme16/bg,0,0
2480700623,Christian Ensey,Chris_NZ3914,Gainesville, FL,https://t.co/PeJjiM6McK,UF Undergrad - Heat Fan - 20 - Sports Marketing Intern at iOWNpr,0,88,1587,26,Sun Apr 13 05:45:17 +0000 2014,1343,0,0,1672,en,http://abs.twimg.com/images/themes/theme10/bg,0,0
2480708633,Robin Hall,ChlcoryCottage,Virginia,http://t.co/OkKKfyIjCE,Twitter home for Chicory Cottage Design,0,48,2509,17,Sun Apr 13 05:50:25 +0000 2014,1283,0,0,1546,en,http://abs.twimg.com/images/themes/theme15/bg,0,0
2480723807,Shannie Bee,monstroddlty,San Francisco, CA,http://t.co/ZC2xjiL5sM,Art Ambassador @LoAndBeholdGame VidyaGameArt4Lyfe,0,55,2547,17,Sun Apr 13 05:59:13 +0000 2014,1260,0,0,1582,en,http://abs.twimg.com/images/themes/theme12/bg,0,0
2480754976,Shan Kay,DallyDecorum,Greenwich CT,http://t.co/b975UXoRmy,Decorum. How we present ourselves everyday.,0,68,2574,21,Sun Apr 13 06:15:08 +0000 2014,1293,0,0,1578,en,http://abs.twimg.com/images/themes/theme3/bg.,0,0
2480768439,Hannah Crosmer,HannahCr0smer,Chicago, IL,,there are no rules of architecture for a castle in the clouds,0,53,2200,13,Sun Apr 13 06:28:01 +0000 2014,1205,0,0,1472,en,http://abs.twimg.com/images/themes/theme3/bg.,0,0
2480840219,Ed Darney,edarney762,Baltimore, MD,,Family. Faith. Ravens. O's. Spiders.,0,116,4807,18,Sun Apr 13 07:07:11 +0000 2014,1302,0,0,1586,en,http://abs.twimg.com/images/themes/theme18/bg,0,0
2480844946,amanda moore,amandamoore57,chicago ,,Soccer & basketball!,0,39,1511,17,Sun Apr 13 07:07:30 +0000 2014,1273,0,0,1543,en,http://abs.twimg.com/images/themes/theme8/bg.,0,0
2480949609,Sarah Mitchell,ManicMarie12,Home Sweet Home :),http://t.co/2AvXWQNdEH,I'm unique and one of a kind... that's for sure.,0,89,3603,11,Sun Apr 13 08:11:11 +0000 2014,1333,0,0,1625,en,http://abs.twimg.com/images/themes/theme4/bg.,0,0
2480993417,MR MAKE IT HAPPEN,MrMakeltHappenG,New Jersey,http://t.co/lmPZXCa0Yj,CEO & Founder YBM Empire/Mr Make It Happen Promotions/Beast Master Bully's/Trillboard Radio is a firm connection to the music relm of NJ. #MrMakeItHappenPromoti,0,64,1841,22,Sun Apr 13 08:32:41 +0000 2014,1199,0,0,1458,en,http://abs.twimg.com/images/themes/theme15/bg,0,0
2481158343,Lisa.B,llsabuzoxo,California ,,live the life you love, love the life you live,0,53,1742,13,Sun Apr 13 10:03:37 +0000 2014,1294,0,0,1573,en,http://abs.twimg.com/images/themes/theme17/bg,0,0
2481203321,JackOflex,jaflex6684,Newyorkstateamind,,Real people do real things,0,46,1789,8,Sun Apr 13 10:24:49 +0000 2014,1292,0,0,1562,en,http://abs.twimg.com/images/themes/theme17/bg,0,0
2481234303,Rod,Esteny83,Miami,,My mistakes are the reasons im still here,0,111,3751,11,Sun Apr 13 10:42:38 +0000 2014,2431,0,0,2589,en,http://abs.twimg.com/images/themes/theme17/bg,0,0
2481280582,alodia tertia,alodiatertia0,jakarta,indonesia,,tumblr:alodiatert,twitter:alodiatertia8,polyvore:alodiatertia,0,65,2528,20,Sun Apr 13 11:01:55 +0000 2014,1267,0,0,1567,en,http://abs.twimg.com/images/themes/theme19/bg,0,0
2481363501,Henny Deutsch,ConferenceD0g,Cannon 202A,,@HouseGOP Mascot, Ladies Man, Not afraid to play with the big dogs,0,66,3129,17,Sun Apr 13 11:48:09 +0000 2014,1200,0,0,1496,en,http://abs.twimg.com/images/themes/theme10/bg,0,0
2481379997,Lisa Drake,MonaLisa7594,Parker, CO,http://t.co/jFpDlUsv6X,I'm the redhead everyone remembers and no one knows,0,63,2599,13,Sun Apr 13 11:54:39 +0000 2014,1259,0,0,1564,en,http://abs.twimg.com/images/themes/theme2/bg.,0,0
2481643179,_Finesse_Father_,RUN_DAE_88,,,,0,70,2549,10,Sun Apr 13 14:08:27 +0000 2014,1278,0,0,1576,en,http://abs.twimg.com/images/themes/theme11/bg,0,0
2481819317,Alanna,alanna__greenda,,,music & football & horse riding that all I need! #greendayfanforlife,0,97,4451,7,Sun Apr 13 15:33:49 +0000 2014,1178,0,0,1480,en,http://abs.twimg.com/images/themes/theme16/bg,0,0
2481864292,Dominique Soto,Hellokliki,Portage ,IN,,i love music, art,my family, flowers 3 follow me on instagram: @hellokiiki,0,91,4827,15,Sun Apr 13 15:53:50 +0000 2014,1335,0,0,1629,en,http://abs.twimg.com/images/themes/theme19/bg,0,0
2482016806,K.S,khoirus__ascari,nowhere,,never trouble troubles till trouble troubles me.........,0,57,1662,10,Sun Apr 13 17:07:02 +0000 2014,1302,0,0,1586,en,http://abs.twimg.com/images/themes/theme7/bg.,0,0
2482028380,BMullett,BroadwayBaby8Be,Indiana,http://t.co/sr9ujN7Fek,In Jesus, I am whole, loved, special, gentle, strong, confident, and beautiful. The Holy Spirit dwells in me and fills me with God's goodness. Amen!,0,54,2515,12,Sun Apr 13 17:12:25 +0000 2014,1325,0,0,1597,en,http://abs.twimg.com/images/themes/theme5/bg.,0,0
2482146069,Creatoriam,Creatorlam, Beautiful Earth,http://t.co/UtiTrDq7xO,We Are All One,0,42,1550,11,Sun Apr 13 18:11:29 +0000 2014,1229,0,0,1494,en,http://abs.twimg.com/images/themes/theme11/bg,0,0
2482195191,Ziyanda Mapela,MsZlyanda,Port Elizabeth,,,0,44,2259,14,Sun Apr 13 18:34:07 +0000 2014,1267,0,0,1569,en,http://abs.twimg.com/images/themes/theme1/bg.,1,0
2482196147,quentan tobolka,qballs85,dallas,,,0,57,2413,11,Sun Apr 13 18:32:38 +0000 2014,1261,0,0,1588,en,http://abs.twimg.com/images/themes/theme14/bg,0,0
2482349331,Eric Machado,bigrlckmachado,,,,0,56,2981,16,Sun Apr 13 19:46:05 +0000 2014,1249,0,0,1551,en,http://abs.twimg.com/images/themes/theme12/bg,0,0
2482429119,bosee,BasmaaM0stafa,,,,0,54,2344,24,Sun Apr 13 20:23:47 +0000 2014,1320,0,0,1589,en,http://abs.twimg.com/images/themes/theme17/bg,0,0
2482452916,Nikki Mae,nmpester848,Davey, NE,,I don't give a f$@k about most things. But what I do give a f$@k about, means the world to me. I'm passionate and very straight forward,0,59,3382,11,Sun Apr 13 20:31:11 +0000 2014,1252,0,0,1569,en,http://abs.twimg.com/images/themes/theme14/bg,0,0
2482477768,Rebecca Russell,BeckahRusseil,Knoxville, TN,,I enjoy acting, singing, writing, dancing, & traveling!,0,62,2170,29,Sun Apr 13 20:43:05 +0000 2014,1304,0,0,1584,en,http://abs.twimg.com/images/themes/theme2/bg.,0,0
2482505493,ItsJanice,cjanice66,Lower East Side ,New Yawk,,Boss Lady/Live,Love,Laugh/Proud Mommy & Wife :D ,Hate Liars!,0,51,1693,16,Sun Apr 13 21:00:33 +0000 2014,1295,0,0,1588,en,http://abs.twimg.com/images/themes/theme1/bg.,1,0
2482628507,Ashlyn  Sterner,AsherLyn7,Quakertown,http://t.co/c6dgHZBFeR,asdfghjkl.,0,103,5002,7,Sun Apr 13 22:02:34 +0000 2014,2768,0,0,2861,en,http://abs.twimg.com/images/themes/theme6/bg.,0,0
2482715979,Nick Troupe,ThisShipSallsOn,Jacksonville,,,0,47,1654,17,Sun Apr 13 22:53:19 +0000 2014,1299,0,0,1600,en,http://abs.twimg.com/images/themes/theme19/bg,0,0
2482789978,Kelly Lynch,keilyoncdoc,Upper midwest,,Mom of 4, wife to 1, Gen X Oncologist,0,43,1059,11,Sun Apr 13 23:31:45 +0000 2014,1297,0,0,1561,en,http://abs.twimg.com/images/themes/theme13/bg,0,0
2482853548,Charles Morrison,CJInSpace958,Las Vegas, Nevada,,I float away, but you're my gravity.,0,81,4514,16,Mon Apr 14 00:09:26 +0000 2014,1161,0,0,1451,en,http://abs.twimg.com/images/themes/theme5/bg.,0,0
2482967627,Melissa Angeliquee,Meli__Angelique,Alaska ,,Happily married and mother if a precious baby girl!,0,48,2428,4,Mon Apr 14 01:20:00 +0000 2014,1142,0,0,1437,en,http://abs.twimg.com/images/themes/theme19/bg,0,0
2482970969,Haley Skeen,haley__skeen,Middle Earth,,Run, you fools,0,72,2314,9,Mon Apr 14 01:22:20 +0000 2014,1296,0,0,1573,en,http://abs.twimg.com/images/themes/theme11/bg,0,0
2482975545,Dre,YungNlgOldSoul,Southeast Houston,Tx [77051],http://t.co/hs3MIs8HMV,Stay Low ,Go Fast ,Kill First ,Die Last ,One Shot Five Kills ,No Luck ,All Skills,0,52,2331,13,Mon Apr 14 01:27:27 +0000 2014,1252,0,0,1570,en,http://abs.twimg.com/images/themes/theme6/bg.,0,0
2482985081,Evan Peachey,PeacheyEvan970,Pennsylvania ,,He just takes the tractor another round And pulls the plow across the ground And sends up another prayer #DairyFarmer #BowHunter #CountryBoy #Christian,0,54,1629,9,Mon Apr 14 01:30:16 +0000 2014,1274,0,0,1579,en,http://abs.twimg.com/images/themes/theme16/bg,0,0
2483024991,Houston Playboy,HoustonPiayboy,Houston,,Houston is my home ain't no doubt,0,49,2627,9,Mon Apr 14 01:56:22 +0000 2014,1299,0,0,1608,en,http://abs.twimg.com/images/themes/theme6/bg.,0,0
2483112285,Esteban Soto,Stevie4k0,31.79980649,-106.26422511,,,0,56,2395,8,Mon Apr 14 02:48:42 +0000 2014,1322,0,0,1566,en,http://abs.twimg.com/images/themes/theme9/bg.,0,0
2483154525,Cheryl curry,xcrazydogiadyx,Boston,http://t.co/pf6oYOv4zy,peace. love. puppies.,0,40,1805,12,Mon Apr 14 03:14:55 +0000 2014,1299,0,0,1598,en,http://abs.twimg.com/images/themes/theme15/bg,0,0
2483176474,Dawn Buccitelli,island6389,michigan,,,0,52,1816,19,Mon Apr 14 03:22:59 +0000 2014,1321,0,0,1567,en,http://abs.twimg.com/images/themes/theme16/bg,0,0
2483216752,#MasterMind,lamyhummy,,,Legendary hustlers we don't settle for less,play with my money I swear you dey play with my tremble,na only God fit judge me fuck oputa panel...just too dopeÓõΩ,0,97,4128,16,Mon Apr 14 03:48:11 +0000 2014,1319,0,0,1601,en,http://abs.twimg.com/images/themes/theme9/bg.,0,0
2483289987,Sherita Powell,sherltapowell,Chicago ,,showing the world what im made of,0,64,1993,23,Mon Apr 14 04:38:43 +0000 2014,1321,0,0,1605,en,http://abs.twimg.com/images/themes/theme5/bg.,0,0
2483341906,yungzilla,Jamar_J_45,,,find out...,0,51,2336,16,Mon Apr 14 05:05:43 +0000 2014,1270,0,0,1595,en,http://abs.twimg.com/images/themes/theme8/bg.,0,0
2483362769,Giorgos Tzamalis,giorgostzamalls,,,,0,53,2268,7,Mon Apr 14 05:21:36 +0000 2014,1278,0,0,1567,en,http://abs.twimg.com/images/themes/theme2/bg.,0,0
2483390811,parker,Parkdawg763,hollywood,http://t.co/f59lL64Jhm,no whammy!,0,42,1706,14,Mon Apr 14 05:40:53 +0000 2014,1334,0,0,1626,en,http://abs.twimg.com/images/themes/theme19/bg,0,0
2483430753,BayAreaforSale,BayAreaforSaie,California,http://t.co/frzyO0jpS4,http://t.co/vPYI2yLEFr is a full service online brokerage for buying and selling homes in the #CaliforniaBayArea. For information, visit us!,0,32,2012,15,Mon Apr 14 06:06:07 +0000 2014,1151,0,0,1456,en,http://abs.twimg.com/images/themes/theme8/bg.,0,0
2483527325,Samuel Koppeser,SamueiKoppeser,McMaster University,,Lovin' life by livin' it to the fullest,0,71,1625,25,Mon Apr 14 07:05:52 +0000 2014,1319,0,0,1573,en,http://abs.twimg.com/images/themes/theme8/bg.,0,0
2483673987,mendy grunbaum,mzg856,iPhone: 26.101860,-80.381073,,,0,50,2768,8,Mon Apr 14 08:38:11 +0000 2014,1127,0,0,1423,en,http://abs.twimg.com/images/themes/theme3/bg.,0,0
2483805575,Cullen Wheeler,GrumpyWheeier,Arkansas,,male pornstar, porn name- the four inc hammer,0,38,2065,14,Mon Apr 14 09:56:06 +0000 2014,1157,0,0,1489,en,http://abs.twimg.com/images/themes/theme11/bg,0,0
2483848504,Nikki,__she__giggles,,,She giggles,0,63,4963,3,Mon Apr 14 10:18:46 +0000 2014,1152,0,0,1446,en,http://abs.twimg.com/images/themes/theme2/bg.,0,0
2483856447,3/24 Jewels,059Jewels,USA,http://t.co/EV8oTfJuyq,3/24 Jewels creates custom made, one-of-a-kind, designer inspired pieces that are made from the finest gemstones and crystal beading.,0,41,2108,23,Mon Apr 14 10:28:24 +0000 2014,1263,0,0,1535,en,http://abs.twimg.com/images/themes/theme1/bg.,1,0
2483923469,Tyler Goodman,tylerrralex48,Summerville, SC,,24. Summerville, SC,0,106,3710,31,Mon Apr 14 11:04:57 +0000 2014,1264,0,0,1583,en,http://abs.twimg.com/images/themes/theme19/bg,0,0
2483965989,Taynesia Capri,texas_raised_68,HOUSTON, TX,,,0,45,1798,8,Mon Apr 14 11:31:42 +0000 2014,1292,0,0,1577,en,http://abs.twimg.com/images/themes/theme2/bg.,0,0
2484031913,–úŒ±—èŒπ ‚ô°,GingerNdSplce,where ever the wind takes me,,striving for a brighter tomorrow,0,60,3194,18,Mon Apr 14 12:06:25 +0000 2014,1253,0,0,1511,en,http://abs.twimg.com/images/themes/theme7/bg.,0,0
2484038159,Jerry Sharrow,Jerry817749,Cheektowaga, New York ,http://t.co/255xSveqLj,,0,32,1948,17,Mon Apr 14 12:09:47 +0000 2014,1174,0,0,1451,en,http://abs.twimg.com/images/themes/theme14/bg,0,0
2484113999,brianna,crunchyym0mmyy,,,Brianna. 24. Mother to a prince & princess. Married my king. Crunchy momma. Bad ass breastfeeding momma. Baby wearer. I'm not a regular mom, i'm a cool mom. ‚úåÔ∏è,0,77,2508,9,Mon Apr 14 12:51:16 +0000 2014,1299,0,0,1586,en,http://abs.twimg.com/images/themes/theme6/bg.,0,0
2484203477,Sara Clute,saraclute57,Louisville, Kentucky,,,0,73,2552,4,Mon Apr 14 13:40:11 +0000 2014,1225,0,0,1512,en,http://abs.twimg.com/images/themes/theme10/bg,0,0
2484216364,Mrs.Capone,rachelelise60,wilmington ,,I'm a hairstylist at brush salon I love cats, olympic weight lifting, dogs, crossfit, and watching movies ‚ù§‚ù§‚ù§,0,98,4947,11,Mon Apr 14 13:45:12 +0000 2014,1301,0,0,1586,en,http://abs.twimg.com/images/themes/theme14/bg,0,0
2484266566,sydney pierce,SydneyDPlerce,Lubbock, Texas,,Life's tough, get a helmet.,0,33,1429,12,Mon Apr 14 14:12:41 +0000 2014,1193,0,0,1493,en,http://abs.twimg.com/images/themes/theme1/bg.,1,0
2484272103,Brianna Brown,Bri____Brown,Chapel Hill NC,,Just made twitter. Now I have to find everyone. lol,0,63,1175,37,Mon Apr 14 14:20:15 +0000 2014,2089,0,0,2177,en,http://abs.twimg.com/images/themes/theme8/bg.,0,0
2484294412,Annie Luisa,annnleluisa,TX,http://t.co/pM6L22vkMC,Art director. Designer most nights. Strudel princess other nights.,0,67,2032,26,Mon Apr 14 14:27:27 +0000 2014,2378,0,0,2411,en,http://abs.twimg.com/images/themes/theme16/bg,0,0
2484401291,–ê–Ω—è,hatikva__,,,The wonder and mystery of a single passionate soul, desiring only to leave a memorable and unforgettable mark on the world...,0,56,2124,8,Mon Apr 14 15:27:00 +0000 2014,1179,0,0,1443,en,http://abs.twimg.com/images/themes/theme13/bg,0,0
2484424990,Calvin Kelley,cqkeliey,Dothan, AL,,Retired Telephone Man,0,62,2236,24,Mon Apr 14 15:37:37 +0000 2014,1271,0,0,1573,en,http://abs.twimg.com/images/themes/theme17/bg,0,0
2484724725,Nelly R.,Nelly0276,California,http://t.co/t3WPVQ5T4s,Always Keep the Faith.,0,59,2206,25,Mon Apr 14 18:22:45 +0000 2014,1296,0,0,1580,en,http://abs.twimg.com/images/themes/theme1/bg.,1,0
2484775072,Lizzi Lipper,LlzziLipper,Cincinnati,Oh,,,0,84,4535,10,Mon Apr 14 18:46:05 +0000 2014,2482,0,0,2525,en,http://abs.twimg.com/images/themes/theme11/bg,0,0
2484782249,Sarah R,simply_74sarah,Oregon,,.,0,48,1823,13,Mon Apr 14 18:52:13 +0000 2014,1295,0,0,1580,en,http://abs.twimg.com/images/themes/theme1/bg.,1,0
2484784546,Lil_crib's,Ny0ngJrfaubun,,,,0,64,2983,8,Mon Apr 14 18:50:56 +0000 2014,1295,0,0,1630,en,http://abs.twimg.com/images/themes/theme3/bg.,0,0
2484856781,Jimmy Jones,Jimmy__Fingerz,North Carolina,,Sucess is the only thing....,0,44,1726,14,Mon Apr 14 19:33:36 +0000 2014,1134,0,0,1395,en,http://abs.twimg.com/images/themes/theme7/bg.,0,0
2484919559,Tammy Rice,tammylaynerlce,Olive Hill,,Life is like a box of chocolates you never know what your gonna get,0,58,2341,19,Mon Apr 14 20:07:43 +0000 2014,1323,0,0,1582,en,http://abs.twimg.com/images/themes/theme6/bg.,0,0
2484927005,Mono‚Ñ¢,AC__Storm,Florida,,19. I used to be indecisive now im not so sure. #TeamBringIt #Colombian #TeamFIFA,0,54,1666,16,Mon Apr 14 20:11:55 +0000 2014,1326,0,0,1636,en,http://abs.twimg.com/images/themes/theme5/bg.,0,0
2485104921,Lynette Tornatzky,LynetteMT325,Los Osos, CA,http://t.co/j3lxWHjDeJ,Graphic designer, snarky blogger on the Los Osos sewer issue. AKA sewertoons. http://t.co/AI5c7EhR35,0,69,3254,6,Mon Apr 14 21:55:40 +0000 2014,1265,0,0,1529,en,http://abs.twimg.com/images/themes/theme9/bg.,0,0
2485118722,Delvin Cottman,DelvlnCottman,United States,,Young and living for the thrills of life. Work hard at everything I do because if your not giving it your all what are you really doing?,0,32,1346,4,Mon Apr 14 21:58:46 +0000 2014,1179,0,0,1469,en,http://abs.twimg.com/images/themes/theme3/bg.,0,0
2485174479,Mike,Judgeeeeee985,Jacksonville Beach,,All day, every day.,0,66,3051,14,Mon Apr 14 22:38:37 +0000 2014,1277,0,0,1555,en,http://abs.twimg.com/images/themes/theme10/bg,0,0
2485179119,Joey,joeop13,Minneapolis MN,,I like to jap about random things.,0,58,2276,8,Mon Apr 14 22:39:47 +0000 2014,1260,0,0,1545,en,http://abs.twimg.com/images/themes/theme13/bg,0,0
2485181584,robert prieto,GetRobD0gged,,,,0,50,2290,21,Mon Apr 14 22:38:02 +0000 2014,1351,0,0,1594,en,http://abs.twimg.com/images/themes/theme5/bg.,0,0
2485207409,RelltheRealest/Boz‚Ñ¢,number9example,On da green like sum baconbits,,On Ig @number1example  On keek @bozzywells  On facebook @Major Rell,0,84,4656,35,Mon Apr 14 22:55:12 +0000 2014,1205,0,0,1464,en,http://abs.twimg.com/images/themes/theme16/bg,0,0
2485283866,Ashley ‚ù§,ashieyyyyyXD,South Carolina,http://t.co/HgvXQ0IHpV,,0,57,1795,9,Mon Apr 14 23:43:26 +0000 2014,1253,0,0,1576,en,http://abs.twimg.com/images/themes/theme2/bg.,0,0
2485352777,Chrissy Lanthier,moonyose4970,Gilroy, CA,,,0,43,1675,11,Tue Apr 15 00:31:40 +0000 2014,1302,0,0,1598,en,http://abs.twimg.com/images/themes/theme6/bg.,0,0
2485368095,Willetta Arres,WlllettaBurkfh,USA, Iowa,,16 Years young,0,55,1680,12,Tue Apr 15 00:42:10 +0000 2014,1313,0,0,1598,en,http://abs.twimg.com/images/themes/theme5/bg.,0,0
2485373579,matthew,Clark85Matthew,home,,:D,0,65,1929,12,Tue Apr 15 00:45:59 +0000 2014,2228,0,0,2318,en,http://abs.twimg.com/images/themes/theme8/bg.,0,0
2485424668,Aaron Klosterman,aaron__turbo,West Union,,Living the small town dream.,0,46,1770,19,Tue Apr 15 01:17:29 +0000 2014,1239,0,0,1469,en,http://abs.twimg.com/images/themes/theme8/bg.,0,0
2485446502,Melissa Radivoj,muhllssxo,cleveland,,melissa. A Radivoj, Newlywed, coffee addict, cat loving pessimist who enjoys anything with sparkles, glitter and pink, nurse!,0,52,1661,10,Tue Apr 15 01:32:21 +0000 2014,1325,0,0,1585,en,http://abs.twimg.com/images/themes/theme13/bg,0,0
2485447913,Lucy Stehr,LucyStehr719,Alexandria,La,,,0,74,2988,12,Tue Apr 15 01:36:26 +0000 2014,1221,0,0,1533,en,http://abs.twimg.com/images/themes/theme4/bg.,0,0
2485468401,Jake Smartnick,JT59539,Planet Earth,,I like cheese,0,40,2570,33,Tue Apr 15 01:52:53 +0000 2014,1280,0,0,1597,en,http://abs.twimg.com/images/themes/theme10/bg,0,0
2485487303,leviskaggs,lchawks81,kentucky,,im 15 years old im a buffalo firefighter kik me @lil_ray_ray53 snapchat me @buffalo640 and follow me i always follow back,0,40,1676,8,Tue Apr 15 02:03:45 +0000 2014,1082,0,0,1310,en,http://abs.twimg.com/images/themes/theme13/bg,0,0
2485536149,-,ezrakristiani4,AgustianSitumorang‚ô° ,,Gws Gustian({}):):(:''),0,59,2655,9,Tue Apr 15 02:37:30 +0000 2014,1191,0,0,1419,en,http://abs.twimg.com/images/themes/theme1/bg.,1,0
2485554628,More Gold Chain$,OfflcialKaydoe,hayward, ca,https://t.co/3UX2BcINhH,I might just change your life,0,37,2095,17,Tue Apr 15 02:46:39 +0000 2014,1169,0,0,1444,en,http://abs.twimg.com/images/themes/theme4/bg.,0,0
2485568105,Herbert Espinoza,G0odHerby,Houston ,,,0,77,4471,21,Tue Apr 15 03:00:26 +0000 2014,1329,0,0,1617,en,http://abs.twimg.com/images/themes/theme1/bg.,1,0
2485583817,Dyah Muthia,DyahM__tya,,,| ...Feeling Extrovert (Fe)... |,0,56,1798,15,Tue Apr 15 03:13:20 +0000 2014,2096,0,0,2311,en,http://abs.twimg.com/images/themes/theme7/bg.,0,0
2485656040,mandy,DuncanMandy444,delaware,,Im all things creative,0,69,3222,13,Tue Apr 15 03:57:53 +0000 2014,1266,0,0,1542,en,http://abs.twimg.com/images/themes/theme13/bg,0,0
2485666767,Double ‚í∂,abollshcrapital,Amerika,http://t.co/ry6ie5Ea6u,Fuck the police, abolish capitalism.,0,54,2554,16,Tue Apr 15 04:11:35 +0000 2014,1296,0,0,1563,en,http://abs.twimg.com/images/themes/theme6/bg.,0,0
2485681240,LuxAutoPlus,LuxAutoPius,Auburn, MA USA,http://t.co/S5enT3y6ud,One of the Largest Used Car Dealerships in the Worcester, MA Area,0,44,1782,22,Tue Apr 15 04:15:53 +0000 2014,1351,0,0,1658,en,http://abs.twimg.com/images/themes/theme1/bg.,1,0
2485998783,Jasmine,__UniqueJasmine,Long Beach,,When the world goes down don't b afraid to rise up,0,40,2340,9,Tue Apr 15 07:54:54 +0000 2014,1269,0,0,1560,en,http://abs.twimg.com/images/themes/theme8/bg.,0,0
2486010563,ThƒìM√úTH√ÖFCKiN'Qu√®√©n¬Æ,QUEEN0faQUEEN,SoCaL,http://t.co/OM4ATxAb3K,I don't need saving, i'm not a princess... I'm the muthafckn QUEEN, I got this shii handled #PnayPride #CaliGirl,0,72,2920,8,Tue Apr 15 07:59:45 +0000 2014,1278,0,0,1565,en,http://abs.twimg.com/images/themes/theme1/bg.,1,0
2486050413,Mike,Mdst5558,Rhode Island,,I'm just your hard working everyday normal guy. I love music and would not be able to live without it, House & EDM all the way. you're only as old as you feel,0,76,2346,16,Tue Apr 15 08:27:08 +0000 2014,2168,0,0,2312,en,http://abs.twimg.com/images/themes/theme16/bg,0,0
2486050637,GGC Housing,GGCresllfe,Lawrenceville  GA,http://t.co/wcJ9ulFpzg,Georgia Gwinnett College: Housing,0,42,1185,15,Tue Apr 15 08:24:57 +0000 2014,1202,0,0,1525,en,http://abs.twimg.com/images/themes/theme13/bg,0,0
2486340671,Blue Mountain Thyme,biuemtnthyme,Washington and Idaho,http://t.co/n6YXFDU1id,A woman of the West. Made from the earth. Born to roam free. Contained by no walls. Lives in the freedom of the forests, mountains, rivers and prairies.,0,110,4928,4,Tue Apr 15 11:19:13 +0000 2014,1220,0,0,1507,en,http://abs.twimg.com/images/themes/theme11/bg,0,0
2486362918,katkat asuero,KatkatAsuer0,,,,0,49,1746,12,Tue Apr 15 11:28:56 +0000 2014,1320,0,0,1593,en,http://abs.twimg.com/images/themes/theme3/bg.,0,0
2486393680,Classic Insurance,classicagent__,Wylie, TX,http://t.co/eVX6b0MhzV,Classic Insurance is a leading provider of insurance services to families and businesses throughout the Dallas-Fort Worth Metroplex and beyond.,0,44,1704,24,Tue Apr 15 11:45:53 +0000 2014,1254,0,0,1550,en,http://abs.twimg.com/images/themes/theme3/bg.,0,0
2486440793,N.G,Sudnlah,,,Good with bad habits or bad with good habits !!, happy with some sad days or sad with some happy days !! dentist,Sudan ,open minded with some craziness ..,0,68,2523,29,Tue Apr 15 12:14:59 +0000 2014,1321,0,0,1605,en,http://abs.twimg.com/images/themes/theme5/bg.,0,0
2486447117,Tobey,tobeyailen,Seattle, WA,,A dear, beloved Old English Sheepdog that was all heart. And no brains. (2004-2015),0,63,2046,18,Tue Apr 15 12:18:10 +0000 2014,1253,0,0,1555,en,http://abs.twimg.com/images/themes/theme5/bg.,0,0
2486512606,Cherokee Helton,CherokeeHeiton,Ohio,,I'm very honest. love to be weird and have fun. few fav bands bvb, ptv, atl, sws, cte and fir. I write stories and such.,0,43,1221,18,Tue Apr 15 12:52:07 +0000 2014,1236,0,0,1520,en,http://abs.twimg.com/images/themes/theme18/bg,0,0
2486528439,Samuel Temesgen,SamueiTemesgenA,USA,http://t.co/aW7jlikyAo,I am sami always sami.,0,80,4942,10,Tue Apr 15 13:05:56 +0000 2014,1321,0,0,1637,en,http://abs.twimg.com/images/themes/theme17/bg,0,0
2486694418,Maddy,maddychikls,Bakersfield CA,,Never confuse my personality with my attitude...My personality is who I am and my attitude depends of how you treat me....,0,42,2013,12,Tue Apr 15 14:33:07 +0000 2014,1175,0,0,1474,en,http://abs.twimg.com/images/themes/theme1/bg.,1,0
2486854408,Keyona246_Msp,Keyona64,Los Angeles,http://t.co/T3zBrOyCeS,http://t.co/yRFVfkSgRs,0,35,2041,6,Tue Apr 15 15:58:57 +0000 2014,1187,0,0,1464,en,http://abs.twimg.com/images/themes/theme10/bg,0,0
2486920049,Jeremy Showman,ThatPeskyNlnja,California,https://t.co/haZoyByvOE,,0,45,1748,11,Tue Apr 15 16:36:12 +0000 2014,1263,0,0,1570,en,http://abs.twimg.com/images/themes/theme14/bg,0,0
2486942422,Joan Breeds 15,Michuu_765,,http://t.co/PRHoPM8Cyh,,0,69,4941,16,Tue Apr 15 16:44:23 +0000 2014,1228,0,0,1506,en,http://abs.twimg.com/images/themes/theme4/bg.,0,0
2486944648,Kepler,sadgreycioud,idaho,,damn dude,0,60,1601,11,Tue Apr 15 16:45:30 +0000 2014,2014,0,0,2150,en,http://abs.twimg.com/images/themes/theme13/bg,0,0
2486974067,Raul Molina,Mol77na_Raul,San Antonio TX~San Diego CA,,22/Cali Raised,Texas Made/Amateur Boxing,0,51,2000,23,Tue Apr 15 17:04:46 +0000 2014,1294,0,0,1606,en,http://abs.twimg.com/images/themes/theme13/bg,0,0
2487054622,Sannan Solberg,sannans84,Missoula, MT,,IT Professional,0,66,1928,11,Tue Apr 15 17:43:58 +0000 2014,1210,0,0,1516,en,http://abs.twimg.com/images/themes/theme19/bg,0,0
2487103203,ObamaGirl,__obamagirl__,,,WE know what's GOOD for YOU. Trust US. Sign-up & PAY or don't. Either way, YOU will PAY.  #GetCovered #GetBent #ACA #FollowBack,0,63,3189,12,Tue Apr 15 18:15:00 +0000 2014,1077,0,0,1334,en,http://abs.twimg.com/images/themes/theme7/bg.,0,0
2487390123,Rick Plester,rlckplester,Texas,http://t.co/2BBzPuPC4W,Rick Plester is a recording artist and producer . Rick has been involved in 144 records to date and has worked with many international stars.,0,58,2376,13,Tue Apr 15 23:56:24 +0000 2014,1322,0,0,1638,en,http://abs.twimg.com/images/themes/theme1/bg.,1,0
2487658576,Holly Byers,HoliyAByers,Greenville, Texas,,I like long walks in the pasture, shootin beer cans, drinkin beer cans, cows, ranchy horses, rodeo and of course shopping!,0,44,1417,12,Wed Apr 16 03:37:42 +0000 2014,1186,0,0,1511,en,http://abs.twimg.com/images/themes/theme15/bg,0,0
2487727821,Aliseo Foods,allseofoods,Austin, TX,http://t.co/ecGmNMEBmR,Aliseo ensures the freshest and most authentic tastes by selecting all products regionally and seasonally ‚Äì the 1 Italian pantry.,0,55,2329,14,Wed Apr 16 04:53:16 +0000 2014,2253,0,0,2416,en,http://abs.twimg.com/images/themes/theme7/bg.,0,0
2487753623,Chad,youthguy87,knoxville,TN,,But whatever gain I had, I counted as loss for the sake of Christ. Indeed, I count everything as loss because of the surpassing worth of Christ.,0,68,1906,13,Wed Apr 16 05:14:17 +0000 2014,1238,0,0,1553,en,http://abs.twimg.com/images/themes/theme8/bg.,0,0
2487776128,Jenna Jacobs,JennaJac0bsJ,Kansas,http://t.co/0HTZTtc7zY,Wife, Mother, Sister, Daughter, Teacher, Runner, Freedom-Seeker, Life-Changer, AdvoCare Independent Distributor.,0,58,1534,19,Wed Apr 16 05:30:50 +0000 2014,1362,0,0,1637,en,http://abs.twimg.com/images/themes/theme16/bg,0,0
2488729953,Quanece_DaQueen,LoyaltyLady__CE,Making dreams come 1,,I write, I rap, I'm just me!,0,61,2596,29,Wed Apr 16 17:42:55 +0000 2014,2036,0,0,2217,en,http://abs.twimg.com/images/themes/theme12/bg,0,0
2489461373,Loraine Corona,Loralnstorms,Laguna Hills,,,0,44,2010,8,Thu Apr 17 08:39:34 +0000 2014,1223,0,0,1516,en,http://abs.twimg.com/images/themes/theme5/bg.,0,0
2489477464,Cameron Sanchez,Camer0nNeedsYa,California ,,I'm Cameron and I'm a lesbian and proud :) I have an amazing girlfriend :) ‚ô•‚ô•,0,76,2513,6,Thu Apr 17 08:46:57 +0000 2014,1296,0,0,1567,en,http://abs.twimg.com/images/themes/theme14/bg,0,0
2489504225,marianne campey,marlannecampey,,,,0,96,4912,11,Thu Apr 17 09:09:45 +0000 2014,1278,0,0,1537,en,http://abs.twimg.com/images/themes/theme5/bg.,0,0
2489518786,Sophia,babywlldflower,California,http://t.co/xrqefMMQ1P,baby‚òÜ,0,47,2152,13,Thu Apr 17 09:16:09 +0000 2014,1268,0,0,1578,en,http://abs.twimg.com/images/themes/theme2/bg.,0,0
2489530647,Luca Brasi,Chrlshotboyslim,New Orleans,,,0,63,2691,14,Thu Apr 17 09:32:00 +0000 2014,1388,0,0,1646,en,http://abs.twimg.com/images/themes/theme3/bg.,0,0
2490013767,Dommie,D0mHeaven,Westbury,,Snapchat domheaven,0,65,2436,9,Thu Apr 17 14:57:59 +0000 2014,1307,0,0,1634,en,http://abs.twimg.com/images/themes/theme15/bg,0,0
3034303561,meg.,USArunsonLovat0,Boston,,2 yrs strong! Personal: @amico97,0,85,3078,15,Sat Feb 21 08:27:55 +0000 2015,1290,0,0,1577,en,http://abs.twimg.com/images/themes/theme1/bg.,1,0
3037287499,Vegetarian Recipes,swadishculsine,Virginia ,http://t.co/Oqm184ZroB,A vegetarian for Life!,0,94,2852,11,Mon Feb 23 03:31:55 +0000 2015,1262,0,0,1565,en,http://abs.twimg.com/images/themes/theme1/bg.,1,0
3039792144,Stephanie‚ù§Just,AlnsworthSteph,Texas, USA,,I am a mommy to a handsome little boy& Married to my Best friend and also loving every minute of it,0,67,2214,18,Tue Feb 24 15:28:30 +0000 2015,1271,0,0,1551,en,http://abs.twimg.com/images/themes/theme1/bg.,1,0
3039880712,Patsy Berrisford Art,RaynaJaymesplc,USA, Connecticut,,Patsy Berrisford Artwork specialises in hand cut illustrations which are made with lots of love and attention to detail :-) contact me for commissions.,0,71,4886,8,Tue Feb 24 16:01:11 +0000 2015,1166,0,0,1456,en,http://abs.twimg.com/images/themes/theme1/bg.,1,0
3043333075,CWE,OfficlalCWE,Youngstown, OH,http://t.co/vSABdYRIfQ,Championship Wrestling Experience,0,37,1724,9,Thu Feb 26 11:49:54 +0000 2015,1262,0,0,1540,en,http://abs.twimg.com/images/themes/theme1/bg.,1,0
3053779942,Chelsius Roberticus,degreeschelslus,WI,,I'm weird, man. And I have too many thoughts.,0,55,2879,11,Sun Feb 22 20:12:14 +0000 2015,1269,0,0,1565,en,http://abs.twimg.com/images/themes/theme1/bg.,1,0
3060902596,Carly Williams,carlybwilllams,Phoenix, Az ,,God ‚ù§Oklahoma‚ù§ Family‚ù§,0,53,1611,19,Wed Feb 25 05:26:17 +0000 2015,1257,0,0,1534,en,http://abs.twimg.com/images/themes/theme1/bg.,1,0
42873739,F√∂rster & Kreuz,foerster_kreuz,,https://t.co/OQqUDjOlWd,Z√ºndstoff f√ºr Andersdenker  | Spiegel-Bestsellerautoren | Speaker | W√∂chentlichen Z√ºndstoff frei Haus per Newsletter https://t.co/NaVepQtTbz,0,20765,10866,577,Wed May 27 12:47:36 +0000 2009,9680,0,0,7922,de,http://pbs.twimg.com/profile_background_image,0,0
463520809,Brian Chin,bchin70,New York,,Introspective writer and artist by night, business analyst by day!,0,66,3084,13,Sat Jan 14 05:48:44 +0000 2012,1350,0,0,1642,en,http://abs.twimg.com/images/themes/theme1/bg.,1,0
603366638,Juan Tapia,JuanLorlguinal,Paterson ,New Jersey,http://t.co/DL1JvQmKtS,Un Apasionado Mas de las Artes Electronicas,Fotografo y Chapusero de naturaleza.nacido en Mexico y Radicado en Los Estados Unidos......,0,60,2531,16,Sat Jun 09 06:28:04 +0000 2012,1288,0,0,1599,en,http://abs.twimg.com/images/themes/theme1/bg.,1,0
603443373,Card Talk,UpstateCards131,Ny,,Sports card collectors. Will be uploading TTMs, IP, and all kinds of hits and pulls. PC: Newton, Lacy, Jays, White Sox, Phins, Bucs, Eric Ebron, Mike Evans.,0,50,2833,9,Sat Jun 09 06:17:46 +0000 2012,1144,0,0,1418,en,http://abs.twimg.com/images/themes/theme18/bg,0,0
608423483,Katlyn Hudson‚òÄÔ∏è,katlyn_hudson01,Mississippi,,Coast lifeee‚òÄÔ∏è Taylor Webb‚ù§Ô∏è Sophomore‚úèÔ∏è,0,48,2266,6,Thu Jun 14 19:33:33 +0000 2012,1919,0,0,2135,en,http://abs.twimg.com/images/themes/theme13/bg,0,0
608480021,Preston Mobley,PrestonMobiey,Kansas,,Hayley Nichole is my girl.,0,38,1666,9,Thu Jun 14 20:43:06 +0000 2012,1188,0,0,1426,en,http://abs.twimg.com/images/themes/theme18/bg,0,0
608482016,Crazy for California,Crazy3CA,Old Town Temecula California,http://t.co/ArGSxYnSlk,Southern California and Temecula Valley things to do.,0,67,4661,6,Thu Jun 14 20:45:15 +0000 2012,1092,0,0,1374,en,http://abs.twimg.com/images/themes/theme1/bg.,1,0
608487064,kurt peters,tjzTurkey2014,,,baby mama: @IFUCK_FACES.,0,51,2787,3,Thu Jun 14 20:46:07 +0000 2012,1023,0,0,1275,en,http://abs.twimg.com/images/themes/theme19/bg,0,0
608487523,Peek A Boo I C U,BuggsABunny418,Boston, MA,,,0,51,2255,14,Thu Jun 14 20:46:41 +0000 2012,1224,0,0,1483,en,http://abs.twimg.com/images/themes/theme2/bg.,0,0
608487574,CVC Tutu Couture,CVCtutuc0uture,,http://t.co/7kW6u0HwF0,,0,53,2941,10,Thu Jun 14 20:46:33 +0000 2012,1178,0,0,1465,en,http://abs.twimg.com/images/themes/theme17/bg,0,0
613273910,gracella,lamgracella,Phil,,simple-mimded.balanced optimist.awkward mom.dreamer,0,56,2454,15,Wed Jun 20 08:56:42 +0000 2012,1125,0,0,1417,en,http://abs.twimg.com/images/themes/theme11/bg,0,0
613289264,Tracy Dearman,tdearman952,San Francisco,http://t.co/63uUw746dx,,0,62,2467,5,Wed Jun 20 09:23:37 +0000 2012,1078,0,0,1379,en,http://abs.twimg.com/images/themes/theme17/bg,0,0
613314705,Stephanie Jane.,stephaniejane48,Louisiana ,,Senior at SLU. Nursing major. Gym rat. *Never give up.,0,48,1670,21,Wed Jun 20 07:51:29 +0000 2012,1182,0,0,1472,en,http://abs.twimg.com/images/themes/theme4/bg.,0,0
613478707,T.M.LivinLifeLight,ImTBaby2eva,The Twilight Zone,,I am sooo very thankful, grateful & blessed!!! #TeamTITANS #TeamCELTICS #TeamFollowback,0,57,2341,32,Wed Jun 20 14:20:23 +0000 2012,2012,0,0,2176,en,http://abs.twimg.com/images/themes/theme3/bg.,0,0
613509020,Korede,prlncekorede,Earth,,,0,44,2971,4,Wed Jun 20 15:09:44 +0000 2012,1123,0,0,1409,en,http://abs.twimg.com/images/themes/theme17/bg,0,0
613622085,Josh McGee,JustJoshin220,Louisville, KY,http://t.co/HnYTDYI0p0,Hakuna Matata,0,48,1953,12,Wed Jun 20 15:52:54 +0000 2012,1109,0,0,1390,en,http://abs.twimg.com/images/themes/theme4/bg.,0,0
613653535,Russell Tether,RusseilTether,Dallas, Texas,http://t.co/Pm4IjQe8hL,I am a fine art consultant, art dealer, and the President of Russell Tether Fine Art.,0,44,2321,4,Wed Jun 20 18:27:24 +0000 2012,1115,0,0,1397,en,http://abs.twimg.com/images/themes/theme13/bg,0,0
613695187,RichC‚ñ≤ution,RlchCallwood,Hartford ct ,,,0,39,2206,14,Wed Jun 20 19:27:42 +0000 2012,1070,0,0,1355,en,http://abs.twimg.com/images/themes/theme19/bg,0,0
613873699,LeeDaGod,The1T0mmyLee,FULTON COUNTY,http://t.co/Y7CqtNBtQ2,Remember me then picture me now,0,37,1971,11,Thu Jun 21 00:04:00 +0000 2012,1084,0,0,1384,en,http://abs.twimg.com/images/themes/theme1/bg.,1,0
613953743,Rose Spalding,RoseSpaldlng,Chicago,,PSC professor, DePaul,0,70,3012,21,Thu Jun 21 02:36:13 +0000 2012,1210,0,0,1498,en,http://abs.twimg.com/images/themes/theme6/bg.,0,0
614430075,Edith Yang,EdlthYang,Los Angeles, CA,,,0,44,2402,17,Thu Jun 21 14:18:32 +0000 2012,1160,0,0,1449,en,http://abs.twimg.com/images/themes/theme4/bg.,0,0
614583263,Coit Charlotte,ColtCharlotte,Fort Mill, SC,http://t.co/pGcZLQykSn,Residential & Commercial Cleaning Services including Carpet, Rugs, Upholstery, Drapes & Blinds, Air Ducts, Tile & Grout, Natural Stone & Restoration Services.,0,41,2220,9,Thu Jun 21 21:19:10 +0000 2012,965,0,0,1207,en,http://abs.twimg.com/images/themes/theme9/bg.,0,0
614603774,TryAPedal.net,TryAPedai,Atlanta,http://t.co/8gMLCWXad5,,0,49,2966,5,Thu Jun 21 21:49:17 +0000 2012,1082,0,0,1341,en,http://abs.twimg.com/images/themes/theme10/bg,0,0
614649526,Isabella,isabellak483,,,,0,55,2379,9,Thu Jun 21 22:55:09 +0000 2012,1117,0,0,1413,en,http://abs.twimg.com/images/themes/theme19/bg,0,0
615009487,Rama Finansha‚ô†,Rmfnsha281,Royal Warkop ‚ôß,,Idiots'InBlood \m/,0,49,1902,11,Fri Jun 22 09:25:58 +0000 2012,1270,0,0,1565,en,http://abs.twimg.com/images/themes/theme6/bg.,0,0
615516626,Jerrell Edmonds,JohnBlaze672,phenix city AL,,life,0,56,2423,11,Fri Jun 22 20:51:44 +0000 2012,1258,0,0,1505,en,http://abs.twimg.com/images/themes/theme6/bg.,0,0
615520109,NittyHighLifeEnt219,IAMNITTYHLE537,Lafayette,Indiana,https://t.co/T3q4o9mGew,Ceo/Promoter/Freestylist of HighLife Enterprise & VomitSquad #TEAMHIGHLIFE #TEAMTUG #TEAMPATCHBOIZ like us on fb http://t.co/eYsOrzsR,0,34,2058,6,Fri Jun 22 20:56:29 +0000 2012,1104,0,0,1394,en,http://abs.twimg.com/images/themes/theme10/bg,0,0
615609699,Elizabeth J. Mangels,LlzziiBee,Iowa ,,,0,52,3090,8,Fri Jun 22 21:08:30 +0000 2012,1120,0,0,1425,en,http://abs.twimg.com/images/themes/theme2/bg.,0,0
615637987,Lindi Goff,LindlGoff,Illinois,,I am a dental hygienist and a die-hard Green Bay Packer fan from Illinois :-),0,44,2130,9,Fri Jun 22 23:56:24 +0000 2012,1185,0,0,1439,en,http://abs.twimg.com/images/themes/theme11/bg,0,0
615859755,James Sydney *AFC*,ajsly21,Nashville TN USA,,#Arsenal till death sends us to heaven. Gamer, Soccer Player, Smart Ass. Stay tuned for more bings. I.D.G.A.F,0,63,4822,13,Sat Jun 23 03:55:09 +0000 2012,1063,0,0,1303,en,http://abs.twimg.com/images/themes/theme1/bg.,1,0
615864305,Devin McKay,__JoeKool__,Baltimore,http://t.co/sS1qPn38Zh,Mythical Baby Unicorn.,0,54,3016,14,Sat Jun 23 06:25:47 +0000 2012,1138,0,0,1449,en,http://abs.twimg.com/images/themes/theme4/bg.,0,0
615880340,ÏõêÌòúÏÑ†,wonhyese0n,,,Í≥†ÎèÑÎ•º Í∏∞Îã§Î¶¨Î©∞,0,44,2340,14,Sat Jun 23 06:56:11 +0000 2012,1138,0,0,1427,en,http://abs.twimg.com/images/themes/theme14/bg,0,0
616079868,schuyler SVT,schuylerslegle,indiana,,,0,45,2432,8,Sat Jun 23 10:32:08 +0000 2012,1190,0,0,1497,en,http://abs.twimg.com/images/themes/theme16/bg,0,0
616275883,Money Mark,crazyfreshmuslc,North Port,FLORIDA,,CEO-Crazy Fresh Music/ MarksmanEnt.  Helping New Artists get exposure. STUDIO OPEN for  artists in S.W. FLA Engineered by @JulaVision,0,45,2317,3,Sat Jun 23 16:50:59 +0000 2012,1116,0,0,1386,en,http://abs.twimg.com/images/themes/theme17/bg,0,0
616466059,Lucky Longstreet,long__lucky,Baltimore,,Rapper, Actor, Dancer, Boss,0,60,2257,17,Sat Jun 23 20:50:51 +0000 2012,1190,0,0,1473,en,http://abs.twimg.com/images/themes/theme2/bg.,0,0
616496952,‚òÆ,Ktgrunge564,,,‚Ä¢‚Ä¢‚Ä¢‚Ä¢‚Ä¢ peace ‚Ä¢ love ‚Ä¢ happiness ‚Ä¢ beatles ‚Ä¢‚Ä¢‚Ä¢‚Ä¢‚Ä¢,0,41,1588,5,Sat Jun 23 19:55:09 +0000 2012,1237,0,0,1509,en,http://abs.twimg.com/images/themes/theme8/bg.,0,0
616998946,Della Curtis,dacurtls,Baltimore, Maryland,,Coordinator (retired), Office of Library Information Services, Baltimore County Public Schools. 2011 Tech and Learning Leader of the Year,0,67,2367,5,Sun Jun 24 10:29:20 +0000 2012,1160,0,0,1412,en,http://abs.twimg.com/images/themes/theme17/bg,0,0
617238494,Lesly Kumala ‚ô¶,LesiyZone,In Your Mind.,,Simple is Beautiful.,0,51,2269,15,Sun Jun 24 15:59:26 +0000 2012,1120,0,0,1395,en,http://abs.twimg.com/images/themes/theme12/bg,0,0
617240565,#Kristina333life,heaven44203kc,North Carolina,http://t.co/KIrIJkHXcb,#life#Please follow my blog !!! #Kristina333life,0,59,3061,6,Sun Jun 24 14:19:26 +0000 2012,1131,0,0,1398,en,http://abs.twimg.com/images/themes/theme16/bg,0,0
617258683,Victoria kennedy,victoriajoy4282,Texas!,http://t.co/qKQ4UxDjpb,I love to laugh, read, be nerdy, and write poetry...these are my knowledge nuggets,0,48,2323,5,Sun Jun 24 16:19:22 +0000 2012,1202,0,0,1497,en,http://abs.twimg.com/images/themes/theme13/bg,0,0
617284997,Dr. Gary Hill,doctorgaryhlll,Northfield, IL,http://t.co/3Xr1AuljDg,Clinical Psychologist/Marital & Family Therapist/Certified Addictions Counselor/Speaker. Offers New Perspective on Relationships, Parenting, Love & Happiness.,0,38,1492,10,Sun Jun 24 16:58:56 +0000 2012,1117,0,0,1407,en,http://abs.twimg.com/images/themes/theme8/bg.,0,0
617380282,Melissa,mysweetmellssa,WA,http://t.co/KtnODLYvbM,Mom to three wonderful kiddos. Photographer. Lover of laughter. Reps the 12th Man.,0,66,2320,16,Sun Jun 24 18:59:02 +0000 2012,1121,0,0,1399,en,http://abs.twimg.com/images/themes/theme4/bg.,0,0
617477185,Destiny Rae,DestinyRae57,USA,https://t.co/tV1CBc9H9N,Highly Professional Model - Interested in booking Modeling and Acting Gigs - Fashion Industry - http://t.co/XODfOlCyP4 -http://t.co/qOARk5klkx,0,61,2772,5,Sun Jun 24 21:05:42 +0000 2012,1154,0,0,1414,en,http://abs.twimg.com/images/themes/theme5/bg.,0,0
618541254,Betsy Jones,J0nesBets,,,,0,59,4689,4,Mon Jun 25 21:41:03 +0000 2012,1150,0,0,1421,en,http://abs.twimg.com/images/themes/theme18/bg,0,0
618565988,Dana Gross,lllbluxoxo,PA,,live 4 my kids, love my man! Cancer threatened...but i won! Rebuilding my life, body & spirit. It's been 1 hell of a ride!,0,62,2614,15,Tue Jun 26 00:24:34 +0000 2012,1239,0,0,1535,en,http://abs.twimg.com/images/themes/theme13/bg,0,0
618582907,Kayla Morrison,KayySas9,Wisconsin,,I'm Kayla, 22, sassy & lovelovelove livin life!,0,73,2983,11,Tue Jun 26 00:45:00 +0000 2012,1174,0,0,1495,en,http://abs.twimg.com/images/themes/theme5/bg.,0,0
618621540,Jenna Thuening,jthuenlng,Minneapolis / St Paul,http://t.co/jcPVvVmxbN,Jenna Thuening, RE/MAX Results real estate agent, welcomes you to Home Destination. We help home buyers , investors, and sellers find Minneapolis real estate.,0,40,2275,5,Mon Jun 25 23:43:43 +0000 2012,1043,0,0,1282,en,http://abs.twimg.com/images/themes/theme1/bg.,1,0
618788137,naabs,naabsvc978,virginia,https://t.co/itZC8Mv1B3,We are #virginia based and deal in vintage collectables & reclaiming/restoring all things #vintage #virginiapickers. Like us on fb: https://t.co/itZC8Mv1B3,0,41,2386,11,Tue Jun 26 06:07:03 +0000 2012,1139,0,0,1414,en,http://abs.twimg.com/images/themes/theme6/bg.,0,0
618889329,Nancy Vorrias,Pell2805,North of Boston,,Owner of Peabody Air Duct Cleaning,0,52,2241,9,Tue Jun 26 06:48:31 +0000 2012,1131,0,0,1408,en,http://abs.twimg.com/images/themes/theme17/bg,0,0
618922654,Lauren Filter,lafoutloud83,Colorado,http://t.co/xQVxm8fbX1,Fitness Coach and EMT. Saving lives is what I do!!!,0,40,1716,10,Tue Jun 26 09:50:00 +0000 2012,1062,0,0,1344,en,http://abs.twimg.com/images/themes/theme3/bg.,0,0
618933566,jessica culpepper,jesslcaculpeppe,saint louis, mo,,,0,42,2385,5,Tue Jun 26 10:13:38 +0000 2012,1200,0,0,1494,en,http://abs.twimg.com/images/themes/theme16/bg,0,0
619042931,Blackjack Events,EventsBiackjack,North Wales ,http://t.co/0xVpw2HIBR,Blackjack Events are an elite team of event organisers based in the North Wales, please check out our FB page https://t.co/mJ0CXcluka,0,31,2209,13,Tue Jun 26 12:50:25 +0000 2012,1084,0,0,1345,en,http://abs.twimg.com/images/themes/theme9/bg.,0,0
619069067,IG: Candydior,nudlTYencouragd,In yo bitch, IL,,I fucked her then took her man. #teambisexual love is love. It's my business who I fall for .  !,0,52,2470,6,Tue Jun 26 13:22:29 +0000 2012,1276,0,0,1534,en,http://abs.twimg.com/images/themes/theme18/bg,0,0
619247797,Dresden M,dresdenm397,augusta, ga,,medical student. work hard and be nice to people.,0,57,2456,17,Tue Jun 26 16:58:00 +0000 2012,1067,0,0,1363,en,http://abs.twimg.com/images/themes/theme7/bg.,0,0
619261435,Lloyd Schallenberger,Lioydcs,Richland, MS,,,0,34,1591,14,Tue Jun 26 17:16:34 +0000 2012,1210,0,0,1508,en,http://abs.twimg.com/images/themes/theme4/bg.,0,0
619272846,Ruben,RuubenOps922,Texas,,Whatever floats your boat,,0,22,2122,13,Tue Jun 26 15:52:10 +0000 2012,1224,0,0,1519,en,http://abs.twimg.com/images/themes/theme1/bg.,1,0
619295047,PLEASE DIGI,probabiyshawnn,Minnesota,,Saw Shawn 8/10/14, Shawn followed on my main acc. 12/9/13 (:,0,46,1942,6,Tue Jun 26 18:02:17 +0000 2012,1231,0,0,1530,en,http://abs.twimg.com/images/themes/theme8/bg.,0,0
619330392,VinylinAlphabetical,AlphabeticVlnyl,Madison, WI,http://t.co/cLrjjHHYiH,Andrew listens to his vinyl collection in alphabetical order and writes about it, pretty much. It's probably pretty good--This guy I told about the blog,0,37,1592,8,Tue Jun 26 17:06:17 +0000 2012,1150,0,0,1394,en,http://abs.twimg.com/images/themes/theme1/bg.,1,0
619334474,1981shamrock,9014shamrock,washington, DC,,I LOVE: My hubby and son, teaching middle school English, cozy pajamas, reading myself to sleep, coffee, humor, honesty, kindness & karaoke bars!!!,0,38,1640,12,Tue Jun 26 19:02:35 +0000 2012,1194,0,0,1472,en,http://abs.twimg.com/images/themes/theme14/bg,0,0
619360995,ExtortionAgency,band0franky, #100franky100 ,http://t.co/yHIWtmTPc2,Franklin Bell,0,42,2289,12,Tue Jun 26 17:48:05 +0000 2012,1118,0,0,1408,en,http://abs.twimg.com/images/themes/theme5/bg.,0,0
619414364,GENARA‚úåÔ∏è,genararp704,,,si vas a cambiar, hazlo por ti, no por complacer a otros,0,36,1468,11,Tue Jun 26 20:55:22 +0000 2012,1144,0,0,1429,en,http://abs.twimg.com/images/themes/theme10/bg,0,0
8,61793E+17,Discounts,DiscountsN1,,,,0,72,2700,0,Tue May 09 04:01:18 +0000 2017,640,0,0,617,en,http://abs.twimg.com/images/themes/theme1/bg.,0,0
9,79387E+17,janell Mac donald,donald_janell,,,,0,0,191,0,Thu Mar 29 15:55:32 +0000 2018,0,0,0,0,en,,1,1